0.25100475549697876,0.6512356400489807,-9.87E-08,0.3137107491493225,0.6613894701004028,-0.025018254,0.380643368,0.6378607153892517,-0.035783336,0.43059325218200684,0.6181008219718933,-0.04686819,0.46503621339797974,0.6114040017127991,-0.058032766,0.36691486835479736,0.5068830251693726,-0.018116105,0.3991565704345703,0.4319039583206177,-0.034500383,0.41704973578453064,0.3841080665588379,-0.042779978,0.432200551,0.34378111362457275,-0.046916373,0.33082354068756104,0.4874732792377472,-0.018493174,0.3488454818725586,0.4484326243400574,-0.060094796,0.3282262682914734,0.5135229229927063,-0.073663421,0.309113085,0.566512406,-0.069626071,0.29379910230636597,0.4782599210739136,-0.021213057,0.30834949016571045,0.4522101879119873,-0.06037195,0.2959173917770386,0.5133412480354309,-0.061809372,0.28467756509780884,0.5564466714859009,-0.048603971,0.2567811608314514,0.473898321,-0.025561873,0.2644296884536743,0.405717134,-0.045252603,0.26983821392059326,0.3695688247680664,-0.044289924,0.27527472376823425,0.33262503147125244,-0.037034269
0.25756147503852844,0.6495648622512817,-9.36E-08,0.3195473551750183,0.6617587804794312,-0.026696695,0.3859100639820099,0.6380574107170105,-0.038494628,0.4344755709171295,0.6167486906051636,-0.050236911,0.4688555896282196,0.6082465648651123,-0.061821755,0.37445852160453796,0.5041611790657043,-0.020765806,0.4063405990600586,0.42904990911483765,-0.037828621,0.42357075214385986,0.3816269636154175,-0.046116725,0.4378508925437927,0.34188103675842285,-0.050105538,0.33788397908210754,0.484172523,-0.020436099,0.35564351081848145,0.4469583332538605,-0.062598012,0.3350018858909607,0.5116966962814331,-0.076507315,0.31575533747673035,0.563353956,-0.072967649,0.30035150051116943,0.4740499258041382,-0.02250519,0.3143710494041443,0.44441670179367065,-0.062486082,0.3020132780075073,0.5076178908348083,-0.064078398,0.2913796007633209,0.5523936152458191,-0.051084019,0.26281607151031494,0.4688382148742676,-0.026265746,0.2704583406448364,0.40120649337768555,-0.046454169,0.27644914388656616,0.3661418855190277,-0.0458926,0.2833292484283447,0.32898586988449097,-0.039015032
0.2588636577129364,0.6472951173782349,-8.88E-08,0.31961578130722046,0.6600547432899475,-0.027257901,0.3849234879016876,0.6362577676773071,-0.039468911,0.4344559609889984,0.6161301136016846,-0.051484626,0.4696139097213745,0.6087770462036133,-0.063237295,0.37582841515541077,0.5030533671379089,-0.021386649,0.4074539840221405,0.42847323417663574,-0.039106,0.42502251267433167,0.38095617294311523,-0.04809295,0.43975746631622314,0.3406025767326355,-0.052872475,0.3396179676055908,0.4827486574649811,-0.020992912,0.3571149706840515,0.44452357292175293,-0.063906662,0.33620816469192505,0.5098204612731934,-0.078096874,0.31732073426246643,0.5616289377212524,-0.074820198,0.3023148477077484,0.47289034724235535,-0.02310472,0.3155626654624939,0.4418158233165741,-0.063373588,0.30345127,0.5033637881278992,-0.065006919,0.2933325171470642,0.5474045276641846,-0.052246947,0.26502299308776855,0.46843117475509644,-0.027020687,0.2721465826034546,0.40161752700805664,-0.048022352,0.27750372886657715,0.36584392189979553,-0.048155256,0.28402069211006165,0.3274107873439789,-0.041874945
0.2590019106864929,0.6483433246612549,-8.92E-08,0.32084253430366516,0.6600040793418884,-0.027321782,0.38671883940696716,0.6357935070991516,-0.039186884,0.43608492612838745,0.6154381632804871,-0.050488137,0.4709830582141876,0.6094999313354492,-0.061424997,0.3763306736946106,0.5022144317626953,-0.02121512,0.4074905216693878,0.4279579520225525,-0.037956037,0.4239627718925476,0.3803336024284363,-0.046260867,0.4372764229774475,0.33967286348342896,-0.050671589,0.33990395069122314,0.48188912868499756,-0.020409776,0.35674184560775757,0.4417318105697632,-0.061989561,0.3365331292152405,0.5069298148155212,-0.075470477,0.3182520270347595,0.5593922138214111,-0.071892366,0.30266624689102173,0.4720478355884552,-0.022043392,0.31564539670944214,0.4387015700340271,-0.060831647,0.3042585253715515,0.49853309988975525,-0.06219044,0.2944706380367279,0.5419396758079529,-0.049609486,0.26549237966537476,0.46761593222618103,-0.025481176,0.27265265583992004,0.40010032057762146,-0.045352764,0.27793362736701965,0.3639194965362549,-0.045066368,0.28394126892089844,0.3253822326660156,-0.038675424
0.2645939290523529,0.6561356782913208,-1.07E-07,0.3266034424304962,0.6645649075508118,-0.025760461,0.391231894,0.6366420984268188,-0.036585648,0.4405869245529175,0.6157086491584778,-0.047331903,0.47616028785705566,0.6111903786659241,-0.057889599,0.3780949115753174,0.5034428834915161,-0.017915577,0.40597444772720337,0.4294889569282532,-0.033941582,0.42019742727279663,0.3814304769039154,-0.042050913,0.4320168197154999,0.34077945351600647,-0.046570789,0.34071215987205505,0.4842773377895355,-0.018097579,0.3542526960372925,0.4427415728569031,-0.058659166,0.33671003580093384,0.5087942481040955,-0.07212346,0.32162004709243774,0.5619387626647949,-0.068808936,0.3028451204299927,0.4771021008491516,-0.020800294,0.3125905394554138,0.4438402056694031,-0.059502926,0.3040093183517456,0.5049964189529419,-0.061429124,0.29720863699913025,0.5487905144691467,-0.049340177,0.265373558,0.47613346576690674,-0.025207881,0.26864221692085266,0.40691959857940674,-0.0455116,0.27188798785209656,0.36963987350463867,-0.045802314,0.2770790159702301,0.3293781280517578,-0.039950572
0.23101574182510376,0.6004589796066284,-9.26E-08,0.29525813460350037,0.5994465351104736,-0.026378518,0.3606225252151489,0.5741139054298401,-0.038912624,0.409116268,0.5541887879371643,-0.051175237,0.445337176,0.5456758737564087,-0.063564308,0.33626505732536316,0.43774256110191345,-0.022205517,0.36413073539733887,0.35841333866119385,-0.036766913,0.3789227604866028,0.3071923851966858,-0.043513425,0.39086419343948364,0.26448145508766174,-0.047192942,0.29890576004981995,0.4240518808364868,-0.021950409,0.3124953508377075,0.3883671164512634,-0.059294891,0.2971982955932617,0.4541302025318146,-0.070500419,0.28360608220100403,0.5061454176902771,-0.06702783,0.2610227167606354,0.4218156337738037,-0.024170436,0.2746957540512085,0.39575761556625366,-0.063019626,0.2679576575756073,0.45830678939819336,-0.065007009,0.26234737038612366,0.500855565,-0.053396326,0.22286784648895264,0.42274022102355957,-0.027884066,0.2259378433227539,0.35084134340286255,-0.050237872,0.22812528908252716,0.31307485699653625,-0.05164472,0.23278020322322845,0.2727735638618469,-0.046550583
0.18747296929359436,0.6500110626220703,-1.38E-07,0.25505080819129944,0.644505501,-0.025778212,0.317658007,0.6079970002174377,-0.037380084,0.364499956,0.5792351365089417,-0.050092809,0.4007146954536438,0.5688199996948242,-0.063027114,0.2871812880039215,0.4734538495540619,-0.019605704,0.31033119559288025,0.3871994614601135,-0.038615681,0.3224722146987915,0.33318930864334106,-0.048482507,0.33193498849868774,0.2857091426849365,-0.053728923,0.24673640727996826,0.4614529013633728,-0.020639714,0.249312162,0.42807528376579285,-0.066905916,0.2351209968328476,0.502178431,-0.082524918,0.22530071437358856,0.5588523745536804,-0.079645306,0.20678696036338806,0.45980843901634216,-0.024347022,0.2056502103805542,0.42985960841178894,-0.069435641,0.20257213711738586,0.49640095233917236,-0.072180428,0.2019544243812561,0.5449872016906738,-0.058415547,0.1692972332239151,0.4640085995197296,-0.029669845,0.16894331574440002,0.39036187529563904,-0.054500598,0.16954293847084045,0.3486037850379944,-0.055356834,0.17207404971122742,0.30501246452331543,-0.048254792
0.1824631690979004,0.7255284786224365,-1.14E-07,0.2480403035879135,0.7147038578987122,-0.025371432,0.30809420347213745,0.6739408373832703,-0.037267379,0.3545326292514801,0.6462674140930176,-0.050443858,0.39202749729156494,0.6389843225479126,-0.064091802,0.27426600456237793,0.5444712042808533,-0.021106144,0.2954341471195221,0.4592127203941345,-0.040045898,0.30681633949279785,0.40528690814971924,-0.049522519,0.3161652684211731,0.35848426818847656,-0.054331217,0.23331503570079803,0.5341857075691223,-0.022592049,0.23496586084365845,0.5060140490531921,-0.068340942,0.22425130009651184,0.5787199139595032,-0.083704628,0.2168065756559372,0.633887768,-0.080784723,0.19338612258434296,0.5356763005256653,-0.02650138,0.19279447197914124,0.5142701864242554,-0.07091403,0.19141894578933716,0.5803743600845337,-0.073819719,0.1916017085313797,0.626643717,-0.060176738,0.15611489117145538,0.5436047315597534,-0.032007422,0.15336549282073975,0.47219666838645935,-0.055980347,0.15416502952575684,0.43046993017196655,-0.056350555,0.15673485398292542,0.3878211975097656,-0.048857909
0.12218484282493591,0.7945220470428467,-1.35E-07,0.1873054951429367,0.7826908826828003,-0.028510397,0.24926064908504486,0.7390331029891968,-0.040298253,0.2956811189651489,0.7086651921272278,-0.052090541,0.3329550623893738,0.6977263689041138,-0.064218178,0.20708151161670685,0.6145332455635071,-0.025146451,0.22446590662002563,0.5296260714530945,-0.044026017,0.23442402482032776,0.47247928380966187,-0.054498997,0.24154694378376007,0.42462557554244995,-0.060082719,0.16796176135540009,0.6072764992713928,-0.024096206,0.16128365695476532,0.5896640419960022,-0.067899279,0.1526307761669159,0.65972501,-0.081934124,0.14848457276821136,0.7127229571342468,-0.079234496,0.12938623130321503,0.6120228171348572,-0.025819736,0.11712285876274109,0.6004142165184021,-0.068013296,0.11949704587459564,0.6613441109657288,-0.070459872,0.12461366504430771,0.7042122483253479,-0.05783378,0.092823938,0.6218111515045166,-0.029581197,0.087193213,0.5532761812210083,-0.053052988,0.083455868,0.5115689635276794,-0.053124886,0.081736609,0.4698919653892517,-0.045916468
0.14927613735198975,0.8838928937911987,-2.02E-07,0.21317414939403534,0.8703626394271851,-0.026671104,0.275136262,0.8228914141654968,-0.037809193,0.3198305070400238,0.7883390784263611,-0.04915281,0.3573044538497925,0.7762264609336853,-0.06054556,0.2282646894454956,0.7050749063491821,-0.025703244,0.24156779050827026,0.625308633,-0.043344509,0.24825431406497955,0.5697948336601257,-0.052070178,0.2532745599746704,0.5244583487510681,-0.056534003,0.1891857236623764,0.6958302855491638,-0.025131859,0.1805146336555481,0.692267656,-0.067473009,0.17609907686710358,0.7621349692344666,-0.081474431,0.17349262535572052,0.8122237920761108,-0.079457015,0.15027637779712677,0.7030611038208008,-0.026779635,0.13492393493652344,0.7023895978927612,-0.068510808,0.14165830612182617,0.7641218304634094,-0.072234191,0.14950421452522278,0.8041616678237915,-0.061106253,0.11197909712791443,0.7159717082977295,-0.030063806,0.098760426,0.6530205607414246,-0.053635444,0.090720229,0.6105663180351257,-0.055087503,0.084737547,0.5673493146896362,-0.049231414
0.2118433266878128,0.9005940556526184,-2.37E-07,0.2802666127681732,0.883679211,-0.019915177,0.3413181006908417,0.8280966281890869,-0.029027881,0.38826578855514526,0.7955908179283142,-0.039177317,0.4256029427051544,0.7875072360038757,-0.04995212,0.30515435338020325,0.714318573,-0.023781039,0.32666444778442383,0.6292340755462646,-0.041885577,0.33708012104034424,0.5730185508728027,-0.05104702,0.3455459475517273,0.526256263,-0.056385446,0.26251155138015747,0.7041783332824707,-0.026789155,0.2750748097896576,0.6933395862579346,-0.070500605,0.26305076479911804,0.7690945863723755,-0.083590016,0.25256282091140747,0.8214160203933716,-0.08060962,0.22049261629581451,0.709346354,-0.031417053,0.2287854254245758,0.7085049152374268,-0.074670821,0.22872939705848694,0.7766387462615967,-0.076365963,0.22778570652008057,0.8189126253128052,-0.063806951,0.17992401123046875,0.7221282720565796,-0.036942683,0.17124390602111816,0.6464799046516418,-0.062410988,0.16992880403995514,0.6008961200714111,-0.063622028,0.17269182205200195,0.5556631088256836,-0.057836115
0.23579925298690796,0.7848618030548096,-1.51E-07,0.30295440554618835,0.7763258814811707,-0.020277455,0.36480772495269775,0.7297579050064087,-0.029500363,0.4102790951728821,0.7028791308403015,-0.040547032,0.4450472593307495,0.696007252,-0.052486099,0.3296531140804291,0.6117304563522339,-0.019555194,0.3541528582572937,0.5277498960494995,-0.037007567,0.3672417998313904,0.4763537049293518,-0.044775162,0.3782285451889038,0.4321233034133911,-0.04834798,0.2893989384174347,0.6017581820487976,-0.022869369,0.3024543225765228,0.5793307423591614,-0.068377554,0.29226672649383545,0.6570394039154053,-0.081566833,0.2819598317146301,0.7163643836975098,-0.077146359,0.24976319074630737,0.6032339334487915,-0.028229855,0.26103347539901733,0.5901781320571899,-0.071488477,0.25914695858955383,0.6600192785263062,-0.072968788,0.25520145893096924,0.7082597613334656,-0.059069317,0.21098904311656952,0.6094008684158325,-0.034787841,0.20657925307750702,0.5354134440422058,-0.058349028,0.2078130841255188,0.49089992,-0.05959947,0.21151188015937805,0.4469360411167145,-0.053641692
0.23585477471351624,0.6808462142944336,-1.09E-07,0.30109870433807373,0.6761413812637329,-0.023593992,0.3645226061344147,0.6402843594551086,-0.034900911,0.41255757212638855,0.6167687773704529,-0.047518488,0.44779840111732483,0.6081029772758484,-0.060490988,0.33791568875312805,0.5123518705368042,-0.018536221,0.3644541800022125,0.4279966354370117,-0.036263589,0.3779763877391815,0.3758126199245453,-0.045159567,0.3900982439517975,0.3301273584365845,-0.049951416,0.2979544699192047,0.4993249773979187,-0.020737112,0.3100332021713257,0.46477845311164856,-0.064611599,0.297328919,0.5375273823738098,-0.078900084,0.285930872,0.5940011739730835,-0.075852461,0.2578176259994507,0.4961570203304291,-0.025302216,0.2681898772716522,0.46783143281936646,-0.066361487,0.26395782828330994,0.5341672301292419,-0.067619115,0.25958165526390076,0.5812636017799377,-0.054536972,0.21824055910110474,0.4979565143585205,-0.031533364,0.21447449922561646,0.42439913749694824,-0.052838303,0.21611753106117249,0.3838554620742798,-0.052725933,0.2205195277929306,0.34137189388275146,-0.046351928
0.1929873675107956,0.515885055,-6.98E-09,0.25928521156311035,0.5147002339363098,-0.032777987,0.3278053104877472,0.4883730709552765,-0.047419675,0.37843912839889526,0.4677540361881256,-0.061433878,0.41643446683883667,0.4597741961479187,-0.074951462,0.29938408732414246,0.3501114547252655,-0.022938663,0.3283778727054596,0.27351611852645874,-0.04204943,0.34425097703933716,0.22584299743175507,-0.051516004,0.3587000072002411,0.1852700114250183,-0.05624507,0.25963565707206726,0.3322744071483612,-0.02056329,0.2646016478538513,0.2868347764015198,-0.066249453,0.2486458420753479,0.3560469150543213,-0.081129171,0.2383754551410675,0.41279223561286926,-0.077305481,0.2202880084514618,0.32741498947143555,-0.021558721,0.2203982174396515,0.29095399379730225,-0.065480009,0.21456465125083923,0.35580214858055115,-0.068688251,0.21332484483718872,0.40290117263793945,-0.05547389,0.18209117650985718,0.32821527123451233,-0.024814246,0.18287140130996704,0.26168256998062134,-0.048178785,0.18327096104621887,0.22529973089694977,-0.049678922,0.18592752516269684,0.18495196104049683,-0.043522388
0.12239283323287964,0.45576509833335876,-2.63E-08,0.18689681589603424,0.45091521739959717,-0.038618308,0.2604675889015198,0.422911137,-0.055033851,0.31757742166519165,0.39934414625167847,-0.069610193,0.35940879583358765,0.39122864603996277,-0.083862334,0.2275715172290802,0.27247369289398193,-0.024832219,0.25475993752479553,0.19301848113536835,-0.043930598,0.27033764123916626,0.13806839287281036,-0.05523872,0.28222137689590454,0.091530427,-0.061243881,0.1866471916437149,0.25667789578437805,-0.019011585,0.18651428818702698,0.20974208414554596,-0.064489722,0.16666756570339203,0.2819954752922058,-0.08091566,0.1507854014635086,0.3446947932243347,-0.0772264,0.14646178483963013,0.25499147176742554,-0.016816033,0.14088553190231323,0.21950726211071014,-0.059809055,0.13349558413028717,0.2863020896911621,-0.06340152,0.13081958889961243,0.3361395001411438,-0.049713623,0.10563741624355316,0.2588295638561249,-0.017358746,0.10340704768896103,0.1909126490354538,-0.038579054,0.10326870530843735,0.15265175700187683,-0.03876774,0.1065625473856926,0.1119135320186615,-0.031227808
0.095531471,0.4691227972507477,-2.23E-08,0.1648649126291275,0.4644625782966614,-0.040182665,0.2366514950990677,0.43328195810317993,-0.057818539,0.29194626212120056,0.40465089678764343,-0.073933922,0.3342335820198059,0.3930853307247162,-0.089385778,0.1935710608959198,0.2818196713924408,-0.030010885,0.2204236537218094,0.1920236349105835,-0.05288773,0.2343166470527649,0.1334294080734253,-0.064818621,0.2455826699733734,0.081854373,-0.070608892,0.1514032781124115,0.26609575748443604,-0.024473427,0.14534005522727966,0.21769317984580994,-0.075458452,0.1324828863143921,0.2936273217201233,-0.091726549,0.12488031387329102,0.3570019602775574,-0.086842902,0.11030684411525726,0.26370686292648315,-0.022762854,0.096004911,0.23496508598327637,-0.071234226,0.094763272,0.30760166,-0.074485958,0.099307753,0.3595758378505707,-0.058665745,0.0698165,0.2669179141521454,-0.023908934,0.067011438,0.19934090971946716,-0.047557212,0.066568211,0.16082341969013214,-0.047231991,0.068498857,0.11962555348873138,-0.038492471
0.10787440091371536,0.6002323031425476,-5.73E-08,0.17612090706825256,0.5896919965744019,-0.039350662,0.2475920170545578,0.5531893968582153,-0.057115093,0.3021336495876312,0.5219944715499878,-0.073254935,0.3444458246231079,0.5069131255149841,-0.089106143,0.21025994420051575,0.40894997119903564,-0.03244989,0.23497268557548523,0.3185388147830963,-0.056844901,0.2478945553302765,0.2558070421218872,-0.069666244,0.25766706466674805,0.20381025969982147,-0.075750209,0.1670883744955063,0.3985693156719208,-0.027574705,0.16069766879081726,0.35085782408714294,-0.078517988,0.14530444145202637,0.4258999824523926,-0.093806408,0.13868211209774017,0.4888942241668701,-0.088530041,0.12456763535737991,0.3993743062019348,-0.026690437,0.1133851632475853,0.3718918561935425,-0.077275127,0.10934949666261673,0.4434618651866913,-0.080502525,0.11249484866857529,0.49571839,-0.064367704,0.08366026,0.40382489562034607,-0.028290389,0.081931472,0.33016395568847656,-0.055574331,0.079589404,0.28645384311676025,-0.056531969,0.080549158,0.24060723185539246,-0.048076294
0.094763823,0.7922835946083069,-1.54E-07,0.16473230719566345,0.7814341187477112,-0.036165517,0.23371818661689758,0.7340075969696045,-0.052489709,0.2882169485092163,0.699734092,-0.067880295,0.33266687393188477,0.6873008608818054,-0.083161436,0.19004854559898376,0.5968637466430664,-0.035512321,0.20860660076141357,0.5041264891624451,-0.058435168,0.21986724436283112,0.439292848,-0.070513226,0.22756725549697876,0.38401782512664795,-0.076929517,0.1462535262107849,0.5849568247795105,-0.032786556,0.13423870503902435,0.5704625248908997,-0.083154328,0.12414693832397461,0.6509719491004944,-0.098678842,0.11883556842803955,0.7104999423027039,-0.095657863,0.1022433415055275,0.5883669257164001,-0.033181936,0.0848784,0.5803250670433044,-0.081852511,0.086919032,0.6506109237670898,-0.084190652,0.092269816,0.6994357109069824,-0.069639258,0.060401477,0.5981009602546692,-0.036135793,0.054282635,0.5213037133216858,-0.062764451,0.052487954,0.47232282161712646,-0.062606812,0.052837826,0.42415228486061096,-0.054401178
0.12070630490779877,0.8469786643981934,-2.27E-07,0.19197379052639008,0.8295744061470032,-0.030471692,0.2609933018684387,0.7746399641036987,-0.043167576,0.3136310875415802,0.734244704,-0.055938888,0.3572865128517151,0.7191401720046997,-0.06887611,0.21413952112197876,0.6437232494354248,-0.027993971,0.22932614386081696,0.552352786,-0.049179945,0.23778146505355835,0.4885671138763428,-0.06040569,0.24298612773418427,0.4367077946662903,-0.066316418,0.17210975289344788,0.6332473158836365,-0.026936017,0.1634921282529831,0.6284863352775574,-0.077019051,0.15529942512512207,0.7100767493247986,-0.093800209,0.14985588192939758,0.7671673893928528,-0.09130577,0.1286819875240326,0.6404648423194885,-0.02866881,0.10988093167543411,0.640716016,-0.078523315,0.11480316519737244,0.7105492353439331,-0.083646521,0.12268383800983429,0.755154014,-0.07044106,0.084777541,0.6547226309776306,-0.032137122,0.071859181,0.5783547163009644,-0.060982756,0.065859929,0.528620183,-0.063477904,0.062945999,0.47849273681640625,-0.056723617
0.19099895656108856,0.8721078634262085,-2.09E-07,0.16114261746406555,0.8167988657951355,0.017412459,0.13857966661453247,0.7560944557189941,0.013559787534177303,0.12439568340778351,0.713917613,0.004070355,0.10336823016405106,0.687038779,-0.007389151,0.1613423228263855,0.6707869172096252,-0.011226853,0.17267531156539917,0.5731282830238342,-0.019895446,0.18002396821975708,0.5177366733551025,-0.0227901,0.18246373534202576,0.47382113337516785,-0.024888493,0.18370875716209412,0.6817874908447266,-0.028418764,0.23886853456497192,0.640336275,-0.044264562,0.24394235014915466,0.6806009411811829,-0.04573616,0.23410941660404205,0.7051606774330139,-0.04436196,0.21415036916732788,0.7051600217819214,-0.042403478,0.26224327087402344,0.6626918911933899,-0.058815617,0.26738762855529785,0.698578954,-0.05168372,0.2586461901664734,0.718504786,-0.043595113,0.24940544366836548,0.7311935424804688,-0.053769916,0.2735268771648407,0.6512999534606934,-0.062076584,0.2797086238861084,0.6134445667266846,-0.054241329,0.2796817719936371,0.57443583,-0.046517644
0.27953365445137024,0.8853652477264404,-2.29E-07,0.24526065587997437,0.8358203172683716,0.00712519,0.21185517311096191,0.77236408,0.00075643,0.18932107090950012,0.7254548668861389,-0.009017575,0.15814189612865448,0.6993201375007629,-0.020482365,0.25339943170547485,0.6859840750694275,-0.017757995,0.26551178097724915,0.5958199501037598,-0.024172172,0.2687543034553528,0.5418838858604431,-0.024556667,0.2693423628807068,0.5014410018920898,-0.025147663,0.2803793251514435,0.6925348043441772,-0.029342936,0.3271888792514801,0.6564575433731079,-0.042781472,0.3268987238407135,0.6953325271606445,-0.043366142,0.3140702247619629,0.718498945,-0.041586094,0.3141220808029175,0.7151969075202942,-0.038240869,0.35264453291893005,0.6776496767997742,-0.055067487,0.3529336452484131,0.711229146,-0.049168676,0.33968231081962585,0.7285829782485962,-0.041622978,0.35179370641708374,0.7425178289413452,-0.045040201,0.36913755536079407,0.6627156734466553,-0.05571657,0.378004789,0.624109685,-0.049162298,0.3815059959888458,0.5843851566314697,-0.04159471
0.34150412678718567,0.8457317352294922,-1.77E-07,0.28896012902259827,0.7977840900421143,0.004244951,0.24781236052513123,0.7471543550491333,-0.004298562,0.21225211024284363,0.7135924100875854,-0.015223986,0.17783033847808838,0.6992334127426147,-0.027670078,0.30114108324050903,0.6435754299163818,-0.01478887,0.30279701948165894,0.5536420345306396,-0.016082469,0.301896334,0.49972033500671387,-0.014565963,0.29972559213638306,0.4565194845199585,-0.014413149,0.33796894550323486,0.6397906541824341,-0.02238776,0.3525599539279938,0.6076114773750305,-0.023959752,0.35204288363456726,0.6446038484573364,-0.021598309,0.34727242588996887,0.672554076,-0.02094656,0.37440481781959534,0.655156136,-0.027378358,0.3820587396621704,0.6237329840660095,-0.032194886,0.38263165950775146,0.6566404700279236,-0.025478033,0.37654632329940796,0.6788404583930969,-0.020643238,0.4106229245662689,0.6763618588447571,-0.030962329,0.41946178674697876,0.596291184,-0.032333944,0.42799586057662964,0.5587079524993896,-0.022749117,0.4320882558822632,0.5263330936431885,-0.014832369
0.34161821007728577,0.7879720330238342,-1.63E-07,0.2874607741832733,0.7477624416351318,-0.004878717,0.24951884150505066,0.7027404308319092,-0.017407235,0.21415895223617554,0.6711340546607971,-0.030683339,0.1809433251619339,0.655034065,-0.044852864,0.3039108216762543,0.5950889587402344,-0.02271153,0.3030061721801758,0.5151216983795166,-0.027263384,0.3005332052707672,0.4609963297843933,-0.029794483,0.29835373163223267,0.41747328639030457,-0.032360099,0.33860606,0.5876316428184509,-0.027062649,0.3510008752346039,0.5803408622741699,-0.032267515,0.35076621174812317,0.6147774457931519,-0.034676459,0.3482111990451813,0.6376722455024719,-0.037147421,0.3741871416568756,0.6019787192344666,-0.029278155,0.3791477084159851,0.5873181819915771,-0.038877301,0.3782605826854706,0.6174130439758301,-0.035919875,0.3735145926475525,0.6365194916725159,-0.032178879,0.40923288464546204,0.6206327676773071,-0.030790119,0.4199919104576111,0.5478481650352478,-0.035613887,0.42647984623908997,0.5090388655662537,-0.027562734,0.429870605,0.47740238904953003,-0.019521667
0.32744279503822327,0.6456226706504822,-1.59E-07,0.276030034,0.6099297404289246,-0.005805831,0.242485911,0.5672256350517273,-0.017315935,0.21186676621437073,0.5337414741516113,-0.030998223,0.1797531694173813,0.5174271464347839,-0.045988459,0.30141958594322205,0.459217906,-0.014930967,0.30091893672943115,0.3866690993309021,-0.020394085,0.29992377758026123,0.336988628,-0.025585731,0.29944077134132385,0.29437991976737976,-0.0303765,0.33260124921798706,0.44937509298324585,-0.022019308,0.34999677538871765,0.4625803530216217,-0.033306528,0.3481523096561432,0.5023151636123657,-0.04130948,0.3404748737812042,0.5268022418022156,-0.046251673,0.36646419763565063,0.46235325932502747,-0.028089503,0.376054049,0.466996431,-0.044666916,0.37469470500946045,0.5043295621871948,-0.046254743,0.3668491840362549,0.524618387,-0.043667912,0.40121516585350037,0.4818868637084961,-0.033879641,0.41393613815307617,0.41342902183532715,-0.04450015,0.4204217493534088,0.372387558,-0.039910499,0.42336511611938477,0.3378755748271942,-0.033512145
0.3082241714000702,0.542038083,-2.29E-07,0.2619081735610962,0.5065925717353821,-0.001249038,0.22808526456356049,0.46258339285850525,-0.010452712,0.19872534275054932,0.4285055696964264,-0.023618456,0.16426287591457367,0.4138711988925934,-0.038781565,0.28938230872154236,0.35023999214172363,-0.003445437,0.2934757173061371,0.2806701064109802,-0.004868919,0.29645106196403503,0.23281334340572357,-0.007544505,0.299014688,0.19460609555244446,-0.010894964,0.31980809569358826,0.3435472548007965,-0.013654052,0.3388892114162445,0.35798749327659607,-0.024743935,0.3304916024208069,0.4040082097053528,-0.034174804,0.3179433047771454,0.4342847168445587,-0.038661499,0.35194864869117737,0.3585087060928345,-0.022738788,0.36489444971084595,0.3667250871658325,-0.039443385,0.35911276936531067,0.4104246497154236,-0.042037964,0.3486080467700958,0.43389880657196045,-0.039231412,0.3859214782714844,0.37985122203826904,-0.031159218,0.40224766731262207,0.3164859712123871,-0.040117074,0.4113551080226898,0.2779879570007324,-0.035103779,0.4167774021625519,0.24273677170276642,-0.028544247
0.2452525943517685,0.5270270109176636,-2.99E-07,0.1992257982492447,0.4931594729423523,0.002362035,0.17247425019741058,0.45405593514442444,-0.002799511,0.14683933556079865,0.43126991391181946,-0.011830763,0.1171559989452362,0.41859814524650574,-0.022822,0.22927802801132202,0.33784312,0.001207533,0.23408783972263336,0.26940321922302246,0.001900335,0.23544463515281677,0.22302433848381042,0.000449636,0.23588402569293976,0.1849089115858078,-0.001657477,0.2616632878780365,0.3296720087528229,-0.008263589,0.27308565378189087,0.3477846682071686,-0.014953933,0.2655453085899353,0.3930020332336426,-0.023667959,0.2568657100200653,0.4202251434326172,-0.028548557,0.29381200671195984,0.3436964154243469,-0.016194453,0.30031460523605347,0.35279858112335205,-0.028889069,0.2948041558265686,0.39564836025238037,-0.032070927,0.2864803373813629,0.4171617031097412,-0.030329175,0.32629114389419556,0.3628232777118683,-0.023003116,0.3407226502895355,0.3002743721008301,-0.029066943,0.34887707233428955,0.2627529799938202,-0.023349568,0.3527885973453522,0.22806574404239655,-0.016450416
0.2535788416862488,0.6972687840461731,-2.94E-07,0.21450254321098328,0.6505670547485352,0.017703004,0.1938353180885315,0.6042294502258301,0.018475864082574844,0.175036222,0.5726710557937622,0.012809025,0.14873364567756653,0.5542895793914795,0.004702308,0.23599031567573547,0.4919644892215729,0.013597967103123665,0.24527308344841003,0.4110620617866516,0.017276955768465996,0.2516533136367798,0.35903799533843994,0.018321034,0.2554037272930145,0.31752821803092957,0.017723828554153442,0.2651006281375885,0.48755794763565063,-0.002054249,0.2930043637752533,0.4735428988933563,-0.004620323,0.29379594326019287,0.5122970938682556,-0.009552673,0.28613272309303284,0.5419760942459106,-0.01208177,0.2980828285217285,0.5023747086524963,-0.014974446,0.31640151143074036,0.4804530441761017,-0.02067082,0.3191244602203369,0.5170682072639465,-0.019405855,0.31345173716545105,0.5396552085876465,-0.016608911,0.33220067620277405,0.5238217115402222,-0.025749851,0.3502034842967987,0.45084309577941895,-0.026624564,0.35904207825660706,0.41438427567481995,-0.018773666,0.36074894666671753,0.38050729036331177,-0.01152653
0.7065174579620361,0.7292903065681458,-2.65E-10,0.7508676648139954,0.6679589152336121,0.001112483,0.7773352861404419,0.6128754019737244,-0.001090696,0.7903999090194702,0.5614835619926453,-0.002767734,0.7985873818397522,0.5180827379226685,-0.005582873,0.7144889831542969,0.5222527384757996,-0.015183036,0.7000963091850281,0.4290682077407837,-0.015757684,0.6891372799873352,0.3750861585140228,-0.015857464,0.6788268089294434,0.3313133716583252,-0.016444841,0.6767584085464478,0.5285751819610596,-0.015785504,0.6556447744369507,0.4997512400150299,-0.012701013,0.6607312560081482,0.5372394323348999,-0.007765984,0.6718394756317139,0.5609079599380493,-0.005938947,0.643564761,0.5556164383888245,-0.013916851,0.6241165399551392,0.5327758193016052,-0.015146331,0.632871151,0.5672299265861511,-0.006228046,0.6458084583282471,0.5877411961555481,-0.000249202,0.6131649017333984,0.5879603624343872,-0.010764521,0.5930989384651184,0.5149631500244141,-0.011264984,0.5837065577507019,0.48285651206970215,-0.002237986,0.5784226059913635,0.4525243639945984,0.005787179
0.7175440192222595,0.7350680828094482,-2.69E-08,0.7655728459358215,0.6810898780822754,0.004178303,0.7938669919967651,0.6291894316673279,0.002645831,0.8062697649002075,0.5828927159309387,0.000445635,0.8149073123931885,0.5437166690826416,-0.003854117,0.738395631,0.5383234620094299,-0.015597469,0.7294692993164062,0.45027995109558105,-0.020821407,0.7216071486473083,0.39623934030532837,-0.026776081,0.7138834595680237,0.35302138328552246,-0.032057121,0.7010920643806458,0.5392643213272095,-0.018488277,0.6812871694564819,0.5056343078613281,-0.014854485,0.6838260889053345,0.5414469838142395,-0.00944066,0.6920243501663208,0.5653059482574463,-0.008724988,0.6663815379142761,0.5619991421699524,-0.019251531,0.6517265439033508,0.5306285619735718,-0.017523045,0.6563612222671509,0.5630665421485901,-0.005432677,0.665749192,0.5854304432868958,0.00085362,0.634200931,0.5930333137512207,-0.019296164,0.6172932982444763,0.5155445337295532,-0.020316388,0.6093435287475586,0.4812389612197876,-0.01164461,0.6091306209564209,0.4532991051673889,-0.004652753
0.7378455996513367,0.6256759762763977,-5.00E-08,0.7893992066383362,0.5804250836372375,-0.001106579,0.8180981874465942,0.5331951379776001,-0.004698602,0.8349168300628662,0.4899418354034424,-0.008017167,0.8489661812782288,0.45526623725891113,-0.012486387,0.7611656188964844,0.42765897512435913,-0.018952368,0.7602384686470032,0.3433951139450073,-0.023380414,0.7568223476409912,0.29064977169036865,-0.026759187,0.7527056336402893,0.2494511902332306,-0.030165033,0.7226459383964539,0.427579403,-0.020066161,0.7101615071296692,0.40826913714408875,-0.020270649,0.7136469483375549,0.445873499,-0.016967423,0.7209901213645935,0.4689525365829468,-0.017187569,0.6883208751678467,0.4508354365825653,-0.019335423,0.677280605,0.432120681,-0.024073699,0.6846111416816711,0.46529677510261536,-0.016682111,0.6944884657859802,0.4879807233810425,-0.012236652,0.6571244,0.4807162582874298,-0.017754843,0.6341633796691895,0.417011559,-0.023989148,0.6233249306678772,0.3847391903400421,-0.01958188,0.6186156272888184,0.35585779,-0.015049016
0.7410639524459839,0.5627536773681641,-7.17E-08,0.7890315055847168,0.5281146764755249,-0.003020064,0.8169519305229187,0.4875352382659912,-0.007495092,0.8330388069152832,0.4509773254394531,-0.011787308,0.848632813,0.4211760461330414,-0.016967587,0.7636079788208008,0.37229472398757935,-0.016082326,0.7628680467605591,0.2992672622203827,-0.019478263,0.7597468495368958,0.2500890791416168,-0.023982447,0.7572402358055115,0.21187058091163635,-0.028649315,0.7278204560279846,0.36738067865371704,-0.016708758,0.713415265,0.3717673122882843,-0.016622264,0.7165741920471191,0.41004157066345215,-0.016722769,0.7249351143836975,0.43021324276924133,-0.019629873,0.6947389841079712,0.39027705788612366,-0.015752576,0.6805884838104248,0.3934175968170166,-0.021084256,0.6876677870750427,0.4272572696208954,-0.017715462,0.6984182000160217,0.4485316574573517,-0.015747186,0.6641280055046082,0.4211253225803375,-0.014110947,0.6391386985778809,0.37063857913017273,-0.021786265,0.6238001585006714,0.34013235569000244,-0.019808035,0.6147415637969971,0.3132724463939667,-0.016679339
0.7570846080780029,0.4910251498222351,-9.47E-08,0.8076909780502319,0.462177575,0.002606944,0.8356778621673584,0.42826417088508606,0.001769111,0.850231409,0.39624136686325073,1.0291583748767152e-05,0.861584485,0.3694992959499359,-0.002666348,0.7893995046615601,0.30406516790390015,-0.004877345,0.7889671921730042,0.23312267661094666,-0.001711148,0.7853705286979675,0.18685655295848846,-0.002769183,0.7833119630813599,0.14976876974105835,-0.005463775,0.7522047758102417,0.29428642988204956,-0.006943159,0.7425408363342285,0.3058048486709595,0.000483719,0.7452643513679504,0.34165582060813904,0.000267274,0.7540416717529297,0.3590475916862488,-0.004081499,0.7172830700874329,0.31346383690834045,-0.006895384,0.7074607610702515,0.31981155276298523,-0.005338794,0.7142812609672546,0.3527761995792389,-0.003167501,0.724171519,0.37269362807273865,-0.00380554,0.6846913695335388,0.34033307433128357,-0.005834511,0.6603327989578247,0.29113948345184326,-0.007213584,0.6460418105125427,0.2610115110874176,-0.003694595,0.6383114457130432,0.23461106419563293,-0.000697231
0.7748739123344421,0.4351990222930908,-6.14E-08,0.8246521353721619,0.4116920828819275,0.000487425,0.854492188,0.3792937994003296,-0.001981009,0.8678192496299744,0.3490676283836365,-0.004413214,0.8828607201576233,0.32672616839408875,-0.007896176,0.806368351,0.24933138489723206,-0.011039912,0.8062341809272766,0.18189400434494019,-0.013023388,0.8028889298439026,0.13442490994930267,-0.019295126,0.8016972541809082,0.095738813,-0.02570268,0.7699050307273865,0.23965708911418915,-0.011626795,0.7551063895225525,0.24369573593139648,-0.005063491,0.7567617297172546,0.2830469608306885,-0.004059555,0.7663434147834778,0.3025190234184265,-0.008001217,0.7343729138374329,0.2588132619857788,-0.010414557,0.7194430232048035,0.261495441,-0.008343392,0.7240105271339417,0.2960439622402191,-0.00354677,0.7356486320495605,0.31817811727523804,-0.002678295,0.6994781494140625,0.2863333225250244,-0.008592628,0.678296685,0.23347166180610657,-0.011288946,0.6644988656044006,0.202335924,-0.007850612,0.6586017608642578,0.17613369226455688,-0.00481673
0.8014563918113708,0.5146347284317017,-7.05E-08,0.8505012392997742,0.4901442527770996,-0.006686767,0.8803020715713501,0.46105512976646423,-0.013727285,0.8949189782142639,0.4331151843070984,-0.021125864,0.9099467396736145,0.40892764925956726,-0.028662043,0.8433773517608643,0.32856106758117676,-0.013650162,0.8430836796760559,0.25809723138809204,-0.017123094,0.841610312,0.21113494038581848,-0.0212317,0.842670739,0.17196689546108246,-0.025034584,0.8063067197799683,0.3177015781402588,-0.014749873,0.7928153872489929,0.3247140049934387,-0.017271761,0.7907599806785583,0.3636668622493744,-0.020895278,0.7978397607803345,0.3852536082267761,-0.024987299,0.7698625326156616,0.33347487449645996,-0.014834495,0.7598410248756409,0.3386371433734894,-0.023718648,0.7606998682022095,0.37481003999710083,-0.023887755,0.7685292959213257,0.3968264162540436,-0.022593034,0.7353367805480957,0.3556164801120758,-0.014594303,0.7176514267921448,0.3027680516242981,-0.021431325,0.7063878774642944,0.2699003219604492,-0.018774249,0.703150213,0.24328076839447021,-0.01470062
0.7934136390686035,0.5943653583526611,-1.29E-07,0.8440859317779541,0.5718904137611389,-0.001260181,0.8721928596496582,0.5359676480293274,-0.003313937,0.8867289423942566,0.5000529289245605,-0.005818806,0.9006085395812988,0.47292882204055786,-0.008936495,0.833491862,0.40904417634010315,-0.010287969,0.8325990438461304,0.3362867534160614,-0.010952621,0.8293249607086182,0.2884809076786041,-0.013222929,0.8279627561569214,0.24958853423595428,-0.016442191,0.7977544069290161,0.39778026938438416,-0.011889677,0.7806946039199829,0.40640997886657715,-0.010895671,0.7796614766120911,0.4452004134654999,-0.011946131,0.7884960174560547,0.46548357605934143,-0.015357896,0.761815071,0.413727343,-0.011826359,0.7482341527938843,0.4168015122413635,-0.01708509,0.7508934736251831,0.4515164792537689,-0.014807903,0.7610215544700623,0.47326430678367615,-0.013307383,0.7273234128952026,0.4377310574054718,-0.011009067,0.7087091207504272,0.38258233666419983,-0.017163742,0.6975930333137512,0.3489343225955963,-0.014470411,0.6947774887084961,0.32071447372436523,-0.010892553
0.7951855063438416,0.6860884428024292,-1.30E-07,0.8392362594604492,0.6497613191604614,-0.001061138,0.8620621562004089,0.610417366,-0.004691784,0.8715220093727112,0.572631836,-0.009568742,0.8801897764205933,0.5402958989143372,-0.015115252,0.8258262276649475,0.49367180466651917,-0.009436796,0.8176926374435425,0.4160112142562866,-0.013107989,0.8116998672485352,0.36703336238861084,-0.016406732,0.8082080483436584,0.3261234760284424,-0.019625565,0.7917498350143433,0.48911696672439575,-0.012649987,0.7678882479667664,0.4792770445346832,-0.015792204,0.7664875388145447,0.5160553455352783,-0.017095154,0.7759138345718384,0.5382865071296692,-0.019059317,0.7578305602073669,0.5073281526565552,-0.014612295,0.7381507158279419,0.493233323,-0.022807475,0.7413725256919861,0.5264190435409546,-0.01956898,0.7524664998054504,0.5486570596694946,-0.016144712,0.7248387932777405,0.5329169631004333,-0.015799124,0.7032657861709595,0.4692162573337555,-0.023011038,0.6894301176071167,0.43469229340553284,-0.01936275,0.6827846765518188,0.40389662981033325,-0.014545283
0.8115630745887756,0.745961607,-1.98E-07,0.8216456770896912,0.6773950457572937,0.010867563,0.8091409206390381,0.6096000671386719,0.014634791,0.7800164222717285,0.5760879516601562,0.014605688862502575,0.7529138922691345,0.5650471448898315,0.014317014254629612,0.8140765428543091,0.5601513981819153,0.005502829,0.795933187,0.485487163,-0.001368188,0.790084958,0.4407656192779541,-0.001022621,0.7873186469078064,0.4036693274974823,0.000609946,0.7924344539642334,0.5678033232688904,-0.003597392,0.7489302158355713,0.5449491739273071,-0.018302446,0.7453858852386475,0.5816524028778076,-0.019519323,0.7537834048271179,0.5998272895812988,-0.016533084,0.7666360139846802,0.5846714377403259,-0.01182014,0.7270302176475525,0.5563249588012695,-0.028969426,0.7270599603652954,0.5900053977966309,-0.027355747,0.7380265,0.610208273,-0.020874675,0.7380601763725281,0.6021139025688171,-0.018281285,0.7118498682975769,0.5412155389785767,-0.029399915,0.6951353549957275,0.50611043,-0.030019991,0.6841577291488647,0.4727378487586975,-0.027482351
0.8399783372879028,0.7849149703979492,-1.18E-07,0.7764847874641418,0.7803643345832825,-0.021808213,0.7123134136199951,0.7473136186599731,-0.035037555,0.6688268184661865,0.7256806492805481,-0.048820473,0.6340922117233276,0.7044942378997803,-0.061741166,0.7480399012565613,0.622325599,-0.020310214,0.7205225229263306,0.5500415563583374,-0.037922449,0.7050260305404663,0.5047406554222107,-0.046356749,0.6926456093788147,0.46375125646591187,-0.052154958,0.7815234661102295,0.6116307973861694,-0.022740005,0.7581826448440552,0.5732288360595703,-0.063631482,0.7685611248016357,0.6349173188209534,-0.074147493,0.7824629545211792,0.6841096878051758,-0.070193067,0.817159891,0.6110854148864746,-0.027745362,0.795009434,0.5842196345329285,-0.065836787,0.7998062372207642,0.6431254744529724,-0.063288137,0.8063960075378418,0.683524489,-0.049306691,0.8538256883621216,0.6136240363121033,-0.034304835,0.8463338613510132,0.5463741421699524,-0.057228956,0.8383984565734863,0.5052006244659424,-0.058789,0.8281824588775635,0.4627796411514282,-0.054119043
0.8874992728233337,0.7149980068206787,-2.70E-08,0.8292180299758911,0.7147722244262695,-0.025855472,0.7723120450973511,0.6952074766159058,-0.044665303,0.7297016978263855,0.6877968311309814,-0.063376181,0.6956095695495605,0.6828731894493103,-0.081226677,0.7938175201416016,0.5702193975448608,-0.032745719,0.7628473043441772,0.4946073889732361,-0.054943711,0.7423955202102661,0.4467620849609375,-0.065388285,0.7262938022613525,0.40355658531188965,-0.072066195,0.8282334804534912,0.5560582876205444,-0.033795878,0.82424742,0.5255265831947327,-0.077977099,0.8373743295669556,0.5854167938232422,-0.087310545,0.84868747,0.6300822496414185,-0.082879417,0.862848163,0.5515479445457458,-0.037669469,0.8589258193969727,0.5261169672012329,-0.080641426,0.8637861013412476,0.5877525210380554,-0.077766657,0.8656435012817383,0.62806052,-0.063139372,0.8970879912376404,0.5509814023971558,-0.043072809,0.8997595906257629,0.4895619750022888,-0.069279894,0.8984193801879883,0.45163196325302124,-0.070710853,0.8922597169876099,0.40828943252563477,-0.065318234
0.8861998319625854,0.6175164580345154,-1.83E-08,0.8299072980880737,0.624088705,-0.029394407,0.7757540345191956,0.6094950437545776,-0.050190322,0.7376295328140259,0.6004379987716675,-0.070376791,0.7062375545501709,0.5875617265701294,-0.089144766,0.7869817018508911,0.47433847188949585,-0.033480726,0.755746067,0.40316444635391235,-0.055595454,0.7352207899093628,0.35974574089050293,-0.065376125,0.7182759046554565,0.32054489850997925,-0.070953429,0.8197148442268372,0.4578399360179901,-0.032866187,0.8173882961273193,0.42179185152053833,-0.077312939,0.8351721167564392,0.48838457465171814,-0.085673288,0.8474647998809814,0.5392208099365234,-0.079278469,0.8527293801307678,0.44937676191329956,-0.035685711,0.8487335443496704,0.41379281878471375,-0.077695563,0.8587263226509094,0.4748165011405945,-0.07472229,0.8629282712936401,0.5169363617897034,-0.059650399,0.8846954107284546,0.44565367698669434,-0.0404035,0.8847362995147705,0.3817705512046814,-0.065781169,0.881912112,0.34667959809303284,-0.067630388,0.873038113,0.30661454796791077,-0.062215146
0.8804057240486145,0.5558061599731445,-1.21E-08,0.8228110671043396,0.5659924745559692,-0.029586263,0.7655071020126343,0.5529048442840576,-0.049430937,0.7235312461853027,0.5428556799888611,-0.068156362,0.6919828653335571,0.525478721,-0.08517801,0.772033155,0.41713741421699524,-0.031682104,0.7377215623855591,0.3471464514732361,-0.052963194,0.7145875692367554,0.30639463663101196,-0.062374685,0.6964399218559265,0.2692193388938904,-0.067925975,0.804598331,0.39936381578445435,-0.030418718,0.8021478652954102,0.3530672788619995,-0.073119864,0.8196185231208801,0.4165899157524109,-0.08073511,0.8313599824905396,0.46768719,-0.073889948,0.8378790616989136,0.3897528648376465,-0.03256378,0.8328680396080017,0.34837526082992554,-0.072302982,0.8439794778823853,0.4079970121383667,-0.067960829,0.8485145568847656,0.45064881443977356,-0.05256658,0.8706815838813782,0.38629359006881714,-0.03672814,0.8677658438682556,0.32493478059768677,-0.061162382,0.8640663623809814,0.2907413840293884,-0.062242679,0.8542689085006714,0.2507975995540619,-0.056497898
0.8794323205947876,0.47567325830459595,-2.43E-08,0.8209126591682434,0.48688554763793945,-0.030373994,0.7631849050521851,0.4720921814441681,-0.050261796,0.7213009595870972,0.45877692103385925,-0.068747237,0.6902508735656738,0.4390743374824524,-0.085520461,0.7740554213523865,0.3353916108608246,-0.033309508,0.739867091,0.2662598490715027,-0.054959208,0.7175251245498657,0.22579365968704224,-0.064467452,0.6994749307632446,0.187993124,-0.070100464,0.8072750568389893,0.31712845,-0.031698491,0.8058120012283325,0.2668169438838959,-0.074894316,0.8237177133560181,0.33035895228385925,-0.082907684,0.8340593576431274,0.3804427981376648,-0.075988412,0.8410471677780151,0.30859872698783875,-0.033331946,0.8390308022499084,0.2667025923728943,-0.074430086,0.8500268459320068,0.32543960213661194,-0.071192853,0.8527018427848816,0.3666711747646332,-0.055910703,0.8741423487663269,0.3070884644985199,-0.03683684,0.8712310791015625,0.24641656875610352,-0.062320132,0.868534505,0.21340042352676392,-0.063747823,0.8598146438598633,0.1750895380973816,-0.057798307
0.8249819278717041,0.4632711410522461,-3.83E-08,0.759909451,0.4705941081047058,-0.030388508,0.6953206658363342,0.45198678970336914,-0.049401294,0.6466605067253113,0.4377650320529938,-0.067068122,0.6108053922653198,0.4207226634025574,-0.082864724,0.7161027789115906,0.3047967255115509,-0.027487693,0.6868314146995544,0.23123642802238464,-0.046305597,0.6662943363189697,0.1893622726202011,-0.053982813,0.6506178379058838,0.15094251930713654,-0.058840029,0.7520211935043335,0.2882264256477356,-0.025812196,0.7444824576377869,0.2399292290210724,-0.067692116,0.7611274719238281,0.3068625032901764,-0.075040855,0.7747031450271606,0.3602484464645386,-0.067658782,0.7876713871955872,0.2810139060020447,-0.027871009,0.7796027660369873,0.24133333563804626,-0.067659721,0.7905538082122803,0.3020420968532562,-0.064050175,0.7960882186889648,0.3427605926990509,-0.04872825,0.82237947,0.27867215871810913,-0.03188109,0.8221432566642761,0.2145233154296875,-0.055906773,0.8200916051864624,0.18139123916625977,-0.05741046,0.810984194,0.1411687433719635,-0.052086797
0.7852835655212402,0.49624156951904297,-2.72E-08,0.7160281538963318,0.49988093972206116,-0.029081365,0.6546135544776917,0.48511749505996704,-0.049805123,0.6053488254547119,0.4712819457054138,-0.069969326,0.5674829483032227,0.45735639333724976,-0.089034989,0.6763318777084351,0.33560964465141296,-0.030026073,0.6481281518936157,0.26201725006103516,-0.050524238,0.6306442022323608,0.21815016865730286,-0.061134256,0.6171810626983643,0.1765470802783966,-0.068221942,0.7124456167221069,0.3195498585700989,-0.030311007,0.7030952572822571,0.2732287645339966,-0.072687328,0.7166396379470825,0.33744922280311584,-0.082496151,0.7284842133522034,0.38949891924858093,-0.077847205,0.7490121126174927,0.31385481357574463,-0.033869285,0.7433047890663147,0.27738192677497864,-0.072981998,0.7510232925415039,0.3405710756778717,-0.070014179,0.7532675862312317,0.38444608449935913,-0.056061611,0.7841204404830933,0.31316399574279785,-0.039568257,0.7838265895843506,0.24776846170425415,-0.062907107,0.7814918756484985,0.21108494699001312,-0.063616604,0.7736454010009766,0.1685214340686798,-0.058306567
0.7697809338569641,0.5679081678390503,-7.26E-08,0.7050687074661255,0.5704852938652039,-0.026805764,0.6441810727119446,0.5545787811279297,-0.046664838,0.597443163,0.542934775,-0.066279158,0.5588078498840332,0.5358703136444092,-0.085321471,0.6663196086883545,0.4092753231525421,-0.032192744,0.6399900913238525,0.33394724130630493,-0.052903093,0.622908354,0.28893789649009705,-0.063016377,0.6092656850814819,0.24723531305789948,-0.070030995,0.7020630836486816,0.39574047923088074,-0.03351292,0.6911417245864868,0.35543352365493774,-0.076924354,0.7019592523574829,0.42378225922584534,-0.086211264,0.7124302387237549,0.4761158227920532,-0.081690669,0.7383086085319519,0.39244455099105835,-0.03774431,0.7298548221588135,0.3560744822025299,-0.078135855,0.7353317737579346,0.41980403661727905,-0.074197501,0.7373842000961304,0.4634593427181244,-0.059844572,0.7732658386230469,0.39366745948791504,-0.043824945,0.7724088430404663,0.32778629660606384,-0.068873413,0.7682984471321106,0.29007261991500854,-0.069892429,0.7594694495201111,0.2465890496969223,-0.064880423
0.7803220748901367,0.6544222831726074,-1.13E-07,0.7169907093048096,0.6518796682357788,-0.021581588,0.6526603102684021,0.6250826716423035,-0.037355479,0.6059902906417847,0.6085938811302185,-0.053852618,0.5684542655944824,0.6011557579040527,-0.070204295,0.6817501187324524,0.4880756139755249,-0.026878519,0.6584261655807495,0.40932151675224304,-0.047325168,0.6435636878013611,0.3605266213417053,-0.05771739,0.6317919492721558,0.31562232971191406,-0.065342262,0.7176664471626282,0.477226198,-0.030544536,0.7069573998451233,0.440939724,-0.074930027,0.7159196734428406,0.5091201066970825,-0.085509546,0.7254063487052917,0.5610542893409729,-0.082058296,0.754612148,0.476284921,-0.036653314,0.745502234,0.4445822238922119,-0.078279547,0.748763382,0.5082868933677673,-0.07441023,0.7502655982971191,0.55197835,-0.059890907,0.7913339138031006,0.48007991909980774,-0.044146892,0.7927632331848145,0.41361770033836365,-0.070822746,0.7900948524475098,0.37380290031433105,-0.072206251,0.7827211022377014,0.32989588379859924,-0.067086227
0.8126908540725708,0.7507962584495544,-1.08E-07,0.7521454691886902,0.7430564165115356,-0.022989832,0.6905725598335266,0.7127352356910706,-0.039745979,0.6458460092544556,0.6947590708732605,-0.057216126,0.6092547178268433,0.6835312843322754,-0.074407376,0.7249460220336914,0.5803561210632324,-0.028643848,0.7022683024406433,0.5016411542892456,-0.049578391,0.6884321570396423,0.45136237144470215,-0.059930161,0.6778081059455872,0.40675753355026245,-0.066993102,0.76141119,0.5717392563819885,-0.031890165,0.7492854595184326,0.5449806451797485,-0.077100798,0.756475568,0.6125621199607849,-0.087896854,0.7656528353691101,0.6658908724784851,-0.084185049,0.7981745600700378,0.5740383863449097,-0.037740279,0.7873867750167847,0.5536580085754395,-0.081139162,0.7889033555984497,0.6181334853172302,-0.078593343,0.791080654,0.6617670059204102,-0.064111486,0.8347891569137573,0.5805240273475647,-0.044957642,0.8395172357559204,0.5146291255950928,-0.071291469,0.8392149806022644,0.47385644912719727,-0.072598428,0.8344820141792297,0.4297412633895874,-0.067266084
0.8597418665885925,0.8306498527526855,-1.24E-07,0.7987725138664246,0.8113811016082764,-0.024993544,0.7391670346260071,0.7702343463897705,-0.041575562,0.6934570670127869,0.7482501268386841,-0.057795722,0.6573340892791748,0.7304272651672363,-0.073389791,0.7812800407409668,0.643937349,-0.03309973,0.7620840668678284,0.5617390871047974,-0.053396091,0.7498611807823181,0.5095607042312622,-0.062616318,0.7403259873390198,0.4617377519607544,-0.069399402,0.8192155957221985,0.6388195753097534,-0.034484375,0.8083183169364929,0.6141335368156433,-0.078786865,0.8144785165786743,0.6867163777351379,-0.088047922,0.8228968381881714,0.7412050366401672,-0.083801761,0.8568736910820007,0.6470537185668945,-0.03846008,0.8491789698600769,0.6337594985961914,-0.08241047,0.8469768762588501,0.703867495,-0.080230169,0.84501344,0.7476851344108582,-0.066255987,0.8935600519180298,0.6590580344200134,-0.043751325,0.9051560163497925,0.5929020643234253,-0.072161756,0.9094806909561157,0.5527858734130859,-0.075411841,0.9085626006126404,0.5070870518684387,-0.071663633
0.8702303171157837,0.8060951828956604,-1.19E-07,0.8106154799461365,0.792911947,-0.024169061,0.7497836351394653,0.7548986673355103,-0.040683672,0.7046938538551331,0.7338035702705383,-0.057431504,0.668400228,0.7161393761634827,-0.073872961,0.790558934,0.6279715895652771,-0.032709353,0.7718252539634705,0.5472144484519958,-0.054144524,0.7590052485466003,0.4952211380004883,-0.063674472,0.7491775751113892,0.4485235810279846,-0.070105456,0.8288571834564209,0.6224426031112671,-0.035241202,0.8213928937911987,0.5970261096954346,-0.081597738,0.8250706791877747,0.6685802936553955,-0.092198446,0.8304091095924377,0.723399282,-0.088231832,0.8668769001960754,0.6288388967514038,-0.040329199,0.8623886704444885,0.6100749373435974,-0.086292192,0.8589412569999695,0.6764258742332458,-0.085183799,0.8555812835693359,0.7203530669212341,-0.07126569,0.9037542343139648,0.6397387981414795,-0.046533428,0.9141638278961182,0.5736287832260132,-0.075331718,0.9186684489250183,0.531811535,-0.078509584,0.9182664752006531,0.4855097532272339,-0.074362427
0.8870977759361267,0.7302761077880859,-2.65E-08,0.8273191452026367,0.7163736820220947,-0.031266961,0.770729661,0.6830940842628479,-0.05305298,0.724754274,0.6651135087013245,-0.073930562,0.688298225,0.6446434259414673,-0.093739785,0.8026288747787476,0.5504046082496643,-0.039811857,0.7804294228553772,0.4656370282173157,-0.063898504,0.7665979862213135,0.41318848729133606,-0.075311519,0.755717933,0.3645443916320801,-0.082984731,0.8408724069595337,0.5432844758033752,-0.03989958,0.8388668298721313,0.5114840865135193,-0.088577226,0.8446983695030212,0.5832432508468628,-0.099973179,0.8494904041290283,0.6368042230606079,-0.096280046,0.8789408206939697,0.5479381680488586,-0.043172982,0.8805831670761108,0.5216411352157593,-0.089610815,0.8775598406791687,0.5886394381523132,-0.087847769,0.8716233372688293,0.6326215267181396,-0.073640443,0.915059507,0.5568029284477234,-0.048422281,0.9249050617218018,0.4895581007003784,-0.078138888,0.9289612770080566,0.4470749497413635,-0.081642546,0.9282448887825012,0.39899128675460815,-0.077465758
0.8853333592414856,0.6596196889877319,-5.73E-08,0.8226327896118164,0.651901364,-0.028874783,0.7615254521369934,0.6213591694831848,-0.047619797,0.717940092,0.6015623211860657,-0.06611672,0.6860625743865967,0.5771710276603699,-0.083175041,0.7947621941566467,0.4811399579048157,-0.031648036,0.7726820111274719,0.3974094092845917,-0.053764638,0.7574927806854248,0.34691280126571655,-0.063299619,0.7458375692367554,0.2999591827392578,-0.06940008,0.8333668112754822,0.47105148434638977,-0.032256506,0.8298828601837158,0.4339299201965332,-0.07987,0.8390352129936218,0.5056024789810181,-0.090108968,0.8469648957252502,0.5606486201286316,-0.084570616,0.8715920448303223,0.4716297388076782,-0.036310218,0.8691722750663757,0.4414025545120239,-0.08176697,0.8712496161460876,0.5072616338729858,-0.079732478,0.8707295656204224,0.5508909821510315,-0.064530201,0.9086122512817383,0.4770146310329437,-0.042189453,0.9173743724822998,0.40925484895706177,-0.070215292,0.9196330308914185,0.36940741539001465,-0.073252954,0.9155817031860352,0.3232910633087158,-0.06844721
0.8823884725570679,0.5987348556518555,-4.12E-08,0.8137372136116028,0.5917870998382568,-0.031091088,0.750437856,0.5658221244812012,-0.052267686,0.7005153894424438,0.5473779439926147,-0.072646402,0.665232778,0.5239397287368774,-0.091674991,0.7787044048309326,0.4196053445339203,-0.035754263,0.7525951862335205,0.3339574635028839,-0.059558496,0.7350323796272278,0.28300416469573975,-0.070794031,0.7208857536315918,0.23557236790657043,-0.078005895,0.8176525831222534,0.40677279233932495,-0.035152193,0.8137812614440918,0.36478906869888306,-0.08347179,0.8242760896682739,0.4396960139274597,-0.093385808,0.8327010869979858,0.49790316820144653,-0.087611869,0.8571326732635498,0.4052741527557373,-0.038028423,0.8551930785179138,0.3697316646575928,-0.083593182,0.8583837747573853,0.4381614923477173,-0.080390498,0.8576027154922485,0.4849352538585663,-0.064478576,0.8943248391151428,0.4093281626701355,-0.042909827,0.9005218148231506,0.33823296427726746,-0.071400575,0.9016015529632568,0.2965357005596161,-0.073795795,0.8974270224571228,0.24845774471759796,-0.06842453
0.8912263512611389,0.5208074450492859,-5.68E-08,0.8248924016952515,0.5216564536094666,-0.031018179,0.7593878507614136,0.493993878,-0.050993651,0.7134488224983215,0.47113481163978577,-0.070121087,0.680499792,0.4435156285762787,-0.087683909,0.791607141,0.34343448281288147,-0.034022309,0.7652400135993958,0.25874751806259155,-0.057444938,0.7477098107337952,0.2094118446111679,-0.068323851,0.7347847819328308,0.16193145513534546,-0.075524874,0.8319113254547119,0.3306739032268524,-0.034194943,0.831713855,0.2816910147666931,-0.084066831,0.8396432399749756,0.3550914525985718,-0.095502466,0.8474118709564209,0.4134904742240906,-0.090293974,0.8712732791900635,0.32905417680740356,-0.037880551,0.8723472356796265,0.29023170471191406,-0.085459895,0.8720301985740662,0.35991761088371277,-0.083676785,0.8696057200431824,0.40806499123573303,-0.068327419,0.9095766544342041,0.3336782455444336,-0.043396588,0.9163615703582764,0.265121728,-0.073348776,0.9163972735404968,0.22447854280471802,-0.076621823,0.9109711050987244,0.17668399214744568,-0.071788676
0.9184608459472656,0.5103116035461426,-6.78E-08,0.8488898277282715,0.5023996829986572,-0.030352568,0.7885966897010803,0.4740948975086212,-0.050965872,0.7422522902488708,0.45019781589508057,-0.070843637,0.711452305,0.4191945791244507,-0.089347206,0.8208625912666321,0.32486218214035034,-0.033518322,0.7949193716049194,0.23791196942329407,-0.056899033,0.7788019180297852,0.18748129904270172,-0.068603739,0.7675400972366333,0.13932663202285767,-0.075933799,0.8593866229057312,0.31324678659439087,-0.032697689,0.8630012273788452,0.26652124524116516,-0.077376261,0.8739904761314392,0.33954453468322754,-0.085413203,0.8816882371902466,0.39635106921195984,-0.079020709,0.8976724147796631,0.3119848966598511,-0.035612829,0.9010217189788818,0.2744705080986023,-0.077173546,0.9044634699821472,0.34306368231773376,-0.072608382,0.9027390480041504,0.3888762295246124,-0.056961652,0.9338114857673645,0.3171975612640381,-0.040762901,0.9436224102973938,0.24798297882080078,-0.06689439,0.9455591440200806,0.2078433781862259,-0.068093546,0.9422029852867126,0.16080644726753235,-0.062303618
0.8941258192062378,0.6421777009963989,-9.31E-08,0.8293759226799011,0.6369853019714355,-0.028926391,0.7673478126525879,0.608301044,-0.048565272,0.7236957550048828,0.5880465507507324,-0.06820897,0.6918487548828125,0.562796414,-0.086784355,0.8018094301223755,0.4605800211429596,-0.033441532,0.7769275903701782,0.376592219,-0.056927148,0.7608325481414795,0.32553863525390625,-0.067436181,0.7477806806564331,0.27843981981277466,-0.073713534,0.84075582,0.449906588,-0.034643523,0.8384489417076111,0.4124690592288971,-0.083565474,0.8462790846824646,0.4846647083759308,-0.094893351,0.8520632386207581,0.5402641296386719,-0.089818567,0.8788379430770874,0.4498724639415741,-0.039188858,0.8790919780731201,0.42167603969573975,-0.087054417,0.8807196617126465,0.4909605085849762,-0.085845686,0.8782609701156616,0.5365523099899292,-0.070345134,0.9161083698272705,0.4540232717990875,-0.045329504,0.9235916137695312,0.3836338222026825,-0.073961146,0.9264207482337952,0.3417249023914337,-0.075930312,0.9228935837745667,0.2943032383918762,-0.069961682
0.832290769,0.7111825942993164,-5.54E-08,0.7664182782173157,0.7092639207839966,-0.024973435,0.6963618993759155,0.6790493726730347,-0.042069398,0.6463987231254578,0.6670712232589722,-0.059521109,0.6063809394836426,0.6611735820770264,-0.076395035,0.7259068489074707,0.5364468097686768,-0.030064857,0.696996808,0.4503682851791382,-0.05098575,0.6779689788818359,0.3981527090072632,-0.060292061,0.6642859578132629,0.34969115257263184,-0.066511102,0.7665969133377075,0.5220228433609009,-0.032639511,0.7509356141090393,0.49589014053344727,-0.076613978,0.7616462111473083,0.563696027,-0.086801894,0.7768149375915527,0.6085169911384583,-0.082820691,0.8075127601623535,0.5212469100952148,-0.037896909,0.7990118861198425,0.5050542950630188,-0.080891639,0.8029130101203918,0.5677371621131897,-0.079070047,0.8071396946907043,0.6058209538459778,-0.064784989,0.8490294814109802,0.5241607427597046,-0.044598304,0.8488409519195557,0.45177310705184937,-0.070034102,0.8470296859741211,0.4073008894920349,-0.070728265,0.8433239459991455,0.3606736660003662,-0.064499192
,,,,,,,,,,,,,,,,,,,,,,,,,,,,,,,,,,,,,,,,,,,,,,,,,,,,,,,,,,,,,,
