0.16175991296768188,0.6746916770935059,5.261302931103273e-07,0.22467394173145294,0.6686662435531616,-0.001071658218279481,0.28740397095680237,0.6347985863685608,-0.007631013635545969,0.33786776661872864,0.6307905316352844,-0.018080173060297966,0.38194331526756287,0.6441113948822021,-0.028196197003126144,0.26310068368911743,0.5025240182876587,0.011894077993929386,0.31503698229789734,0.4971153736114502,-0.0005248048109933734,0.3504611551761627,0.4968053996562958,-0.01548798382282257,0.38138288259506226,0.4989975690841675,-0.027833567932248116,0.24362440407276154,0.48497456312179565,0.00017943889542948455,0.308566689491272,0.48114389181137085,-0.012901240959763527,0.348629355430603,0.48544222116470337,-0.025772692635655403,0.38622134923934937,0.49252092838287354,-0.035247135907411575,0.22605647146701813,0.48369506001472473,-0.01391981728374958,0.2939609885215759,0.4814511239528656,-0.028713470324873924,0.335666686296463,0.4888682961463928,-0.03730710595846176,0.3733476400375366,0.4980321228504181,-0.042570117861032486,0.21380729973316193,0.49799224734306335,-0.029193175956606865,0.27490857243537903,0.49950870871543884,-0.04234233498573303,0.31045758724212646,0.5065800547599792,-0.04715018719434738,0.34258612990379333,0.5129663944244385,-0.049460362643003464
0.1631075143814087,0.6762287020683289,5.308777986101632e-07,0.22491809725761414,0.6704517602920532,-0.0013844759669154882,0.28830814361572266,0.6369339227676392,-0.008098667487502098,0.3386852741241455,0.6324494481086731,-0.01853485405445099,0.3826698660850525,0.645469605922699,-0.028697730973362923,0.2641032934188843,0.502684473991394,0.011668526567518711,0.3147030770778656,0.49715253710746765,-0.0010319793364033103,0.3499918580055237,0.496498167514801,-0.016298826783895493,0.3812088072299957,0.49858641624450684,-0.02876916341483593,0.24454465508460999,0.48488694429397583,0.00011180793080711737,0.3087434768676758,0.4805552065372467,-0.012945644557476044,0.34859326481819153,0.4840265214443207,-0.025931335985660553,0.38651952147483826,0.4906230568885803,-0.03546268120408058,0.2268637716770172,0.48376625776290894,-0.013866489753127098,0.2944793701171875,0.4811946153640747,-0.028831321746110916,0.33646920323371887,0.48712414503097534,-0.037779081612825394,0.37494969367980957,0.4947771728038788,-0.04331812262535095,0.21431663632392883,0.4988088607788086,-0.029002508148550987,0.2750466465950012,0.5005690455436707,-0.04251854121685028,0.3106617331504822,0.5076900720596313,-0.047596000134944916,0.3430997133255005,0.5137562155723572,-0.05006539821624756
0.16262860596179962,0.6747580766677856,5.330828116711928e-07,0.22494767606258392,0.6699034571647644,-0.0024995014537125826,0.2872437834739685,0.6363271474838257,-0.009279614314436913,0.33781197667121887,0.6302129626274109,-0.019663391634821892,0.38145190477371216,0.6412954330444336,-0.02973540499806404,0.26567283272743225,0.5051532983779907,0.011314071714878082,0.3146471679210663,0.49811142683029175,-0.0021636588498950005,0.34994494915008545,0.49684470891952515,-0.018089521676301956,0.38137856125831604,0.49846723675727844,-0.030925637111067772,0.24659393727779388,0.48664259910583496,0.00011947295570280403,0.30883538722991943,0.48062342405319214,-0.013861322775483131,0.3493664860725403,0.48286259174346924,-0.027482006698846817,0.3885255455970764,0.4887963533401489,-0.03735455870628357,0.22832417488098145,0.4839358925819397,-0.013752788305282593,0.29388365149497986,0.4800913631916046,-0.02965029701590538,0.33614957332611084,0.48602914810180664,-0.039038609713315964,0.3753099739551544,0.49478527903556824,-0.04474731162190437,0.21414653956890106,0.4968574643135071,-0.02889786660671234,0.27305349707603455,0.49795734882354736,-0.04332977533340454,0.30877965688705444,0.504788875579834,-0.04900387302041054,0.3420966863632202,0.5110982656478882,-0.051842425018548965
0.16419680416584015,0.5881251692771912,5.696767857443774e-07,0.21957948803901672,0.5973942279815674,-0.005738267209380865,0.28855031728744507,0.5660250186920166,-0.008377531543374062,0.33811113238334656,0.5597388744354248,-0.0132198017090559,0.3800300061702728,0.5744237303733826,-0.017187317833304405,0.2753213942050934,0.45080605149269104,0.013510416261851788,0.31876543164253235,0.4433279037475586,0.004015646409243345,0.35254573822021484,0.4383896291255951,-0.008473088033497334,0.38240790367126465,0.43587589263916016,-0.019111614674329758,0.25571030378341675,0.4288073182106018,0.005104292184114456,0.30991026759147644,0.4202420115470886,-0.006642223335802555,0.34802794456481934,0.4200811982154846,-0.018758751451969147,0.39048969745635986,0.4189644157886505,-0.02738308534026146,0.23548170924186707,0.420479416847229,-0.0064733936451375484,0.2932645082473755,0.41419246792793274,-0.023180048912763596,0.3356526494026184,0.41734349727630615,-0.031078990548849106,0.3791210651397705,0.42079952359199524,-0.03490970656275749,0.21913807094097137,0.42576587200164795,-0.019378013908863068,0.27839136123657227,0.4223615527153015,-0.03406132757663727,0.31542810797691345,0.42652755975723267,-0.038230180740356445,0.3514330983161926,0.4297998249530792,-0.03975856676697731
0.14552272856235504,0.5562188625335693,4.506859170305688e-07,0.2055584341287613,0.5633880496025085,-0.005260088015347719,0.26953670382499695,0.5307135581970215,-0.006972208619117737,0.32013463973999023,0.523242712020874,-0.011758356355130672,0.3611602783203125,0.5351933240890503,-0.01650279201567173,0.2588199973106384,0.4292626976966858,0.013483651913702488,0.3010547459125519,0.4103502631187439,0.0013720742426812649,0.3333161473274231,0.4002845287322998,-0.012419451959431171,0.36145520210266113,0.3924345374107361,-0.023328738287091255,0.24055886268615723,0.40891560912132263,0.00471831951290369,0.29098695516586304,0.38845163583755493,-0.009062615223228931,0.32726484537124634,0.3841729760169983,-0.022280525416135788,0.36405158042907715,0.3808954954147339,-0.03155729919672012,0.2195553481578827,0.39782464504241943,-0.007696144282817841,0.27125123143196106,0.379993200302124,-0.02601904794573784,0.30987605452537537,0.3797980546951294,-0.03697732090950012,0.34644314646720886,0.38242512941360474,-0.04280468448996544,0.19819605350494385,0.39432641863822937,-0.021316509693861008,0.24820074439048767,0.3822401165962219,-0.03875124454498291,0.2834119200706482,0.3833220601081848,-0.04683905094861984,0.31751522421836853,0.387687087059021,-0.05124028027057648
0.10437556356191635,0.5630632638931274,5.403246063906408e-07,0.16213731467723846,0.5602551698684692,-0.010607222095131874,0.22203344106674194,0.5266082882881165,-0.0164999607950449,0.2701690196990967,0.5141207575798035,-0.024610519409179688,0.31175437569618225,0.5211397409439087,-0.032602470368146896,0.20789241790771484,0.4288143515586853,0.009007096290588379,0.24882853031158447,0.4051741063594818,-0.006040722131729126,0.28110867738723755,0.3924851417541504,-0.022325512021780014,0.309451162815094,0.3809281587600708,-0.03439284861087799,0.1902117133140564,0.40946903824806213,0.002470384119078517,0.23765972256660461,0.38527712225914,-0.013133116997778416,0.2731652557849884,0.3751453757286072,-0.02767946571111679,0.30864962935447693,0.3663933277130127,-0.03751333802938461,0.16903090476989746,0.3979604244232178,-0.008165894076228142,0.21811166405677795,0.3741949200630188,-0.026749247685074806,0.25728511810302734,0.3666681945323944,-0.037775419652462006,0.2939321994781494,0.3628162741661072,-0.043393079191446304,0.14473921060562134,0.39493247866630554,-0.020520558580756187,0.19117218255996704,0.3771638870239258,-0.03672102093696594,0.22584456205368042,0.37363293766975403,-0.04371088370680809,0.259060800075531,0.3729971647262573,-0.04715079814195633
0.07616984844207764,0.675401508808136,5.149531148163078e-07,0.14007198810577393,0.6602360010147095,-0.002733022440224886,0.19887670874595642,0.6153346300125122,-0.00897936336696148,0.2487936019897461,0.6017307043075562,-0.018572401255369186,0.2945374548435211,0.6076615452766418,-0.028041154146194458,0.16341693699359894,0.4925382733345032,0.009304230101406574,0.21145939826965332,0.47593989968299866,-0.005400288384407759,0.2458973228931427,0.46646714210510254,-0.021724484860897064,0.27765727043151855,0.46047115325927734,-0.03484577685594559,0.14088745415210724,0.4771561324596405,-0.0018634139560163021,0.20148183405399323,0.4592415988445282,-0.01771395280957222,0.24197137355804443,0.454885333776474,-0.03177952766418457,0.28248652815818787,0.45241111516952515,-0.0417456291615963,0.12047679722309113,0.4772350788116455,-0.015759970992803574,0.1843140423297882,0.460341215133667,-0.034169118851423264,0.22656172513961792,0.4572359025478363,-0.04477207735180855,0.2663525342941284,0.4564782679080963,-0.050977837294340134,0.10543248802423477,0.4922158718109131,-0.030758565291762352,0.16349390149116516,0.481733500957489,-0.04809722304344177,0.20006629824638367,0.48068365454673767,-0.05565214157104492,0.2343101054430008,0.47806495428085327,-0.059656865894794464
0.09093083441257477,0.7759183049201965,5.227595352153003e-07,0.14913375675678253,0.7562488913536072,-0.005050234030932188,0.20670288801193237,0.7129054069519043,-0.015925534069538116,0.25532591342926025,0.7002964615821838,-0.029940515756607056,0.29777204990386963,0.7088701725006104,-0.044556040316820145,0.16154338419437408,0.5916846990585327,-0.004828449338674545,0.21007151901721954,0.5731266140937805,-0.02630746178328991,0.24790963530540466,0.5677692890167236,-0.04551523178815842,0.2826189398765564,0.5688281655311584,-0.0593939945101738,0.14023828506469727,0.585433304309845,-0.01617640256881714,0.20292218029499054,0.5624728798866272,-0.03780006989836693,0.24541065096855164,0.5654911398887634,-0.05244843289256096,0.28314870595932007,0.5747548341751099,-0.06206946074962616,0.12221279740333557,0.5938290357589722,-0.02973357029259205,0.18438895046710968,0.572080135345459,-0.05064360424876213,0.22645393013954163,0.5755923986434937,-0.05977395921945572,0.26311376690864563,0.5841507911682129,-0.06447546929121017,0.10949473828077316,0.6175978183746338,-0.044520534574985504,0.16179807484149933,0.6012589931488037,-0.06228959560394287,0.19708707928657532,0.6006163954734802,-0.06900472193956375,0.22867920994758606,0.6033002138137817,-0.07229190319776535
0.14188940823078156,0.8065065145492554,4.962265052199655e-07,0.19314223527908325,0.7913668155670166,-0.011936548165977001,0.24159270524978638,0.7565542459487915,-0.02384733036160469,0.282078355550766,0.7455264329910278,-0.03803383558988571,0.31906503438949585,0.7610378861427307,-0.0532437264919281,0.23682647943496704,0.6598055362701416,-0.006728081963956356,0.2674994468688965,0.6282540559768677,-0.027299758046865463,0.29485762119293213,0.6231676340103149,-0.045598939061164856,0.3205324709415436,0.6261342167854309,-0.05817733705043793,0.21294991672039032,0.6473590731620789,-0.013751679100096226,0.24533683061599731,0.6093749403953552,-0.03581691160798073,0.2757469415664673,0.6095402240753174,-0.05178644135594368,0.3035430312156677,0.6208555102348328,-0.06118937209248543,0.18373367190361023,0.6453625559806824,-0.02374340407550335,0.21265113353729248,0.6054344773292542,-0.04552729055285454,0.24214264750480652,0.6061569452285767,-0.05650974437594414,0.26982709765434265,0.617378830909729,-0.061484239995479584,0.15122316777706146,0.6556880474090576,-0.0351504422724247,0.18059387803077698,0.6298929452896118,-0.053596995770931244,0.20927803218364716,0.6274288892745972,-0.06152830645442009,0.23835089802742004,0.6306161880493164,-0.06519502401351929
0.17800746858119965,0.7012753486633301,1.5125969810014794e-07,0.20303021371364594,0.7149395942687988,-0.03790799900889397,0.227988600730896,0.7194166779518127,-0.0690079927444458,0.23678946495056152,0.7357547879219055,-0.09894978255033493,0.23354120552539825,0.7555021643638611,-0.12855079770088196,0.27384844422340393,0.6154376268386841,-0.044593777507543564,0.28950732946395874,0.5737864375114441,-0.08643140643835068,0.27344849705696106,0.576413094997406,-0.11604636907577515,0.25549083948135376,0.5996816158294678,-0.13120043277740479,0.23848450183868408,0.592667281627655,-0.042926125228405,0.24395740032196045,0.5450352430343628,-0.08526818454265594,0.22445780038833618,0.5629972815513611,-0.10586629807949066,0.21034687757492065,0.5985952019691467,-0.1123991385102272,0.20359742641448975,0.5839391946792603,-0.046264585107564926,0.19888028502464294,0.5587729215621948,-0.08175864070653915,0.18392328917980194,0.583934485912323,-0.09051954001188278,0.17437489330768585,0.6174662113189697,-0.08868303894996643,0.17235621809959412,0.5900393724441528,-0.05310068279504776,0.16514484584331512,0.5740900039672852,-0.07675813138484955,0.15586593747138977,0.5985695719718933,-0.08035614341497421,0.15424999594688416,0.6261677742004395,-0.07771922647953033
0.16571533679962158,0.651021420955658,9.062429739969957e-08,0.19425752758979797,0.6527642607688904,-0.04111868515610695,0.2164493054151535,0.6479678750038147,-0.07058985531330109,0.21769900619983673,0.6435370445251465,-0.09680256992578506,0.21421094238758087,0.6343657970428467,-0.12155739963054657,0.262620747089386,0.5383106470108032,-0.042060866951942444,0.271018922328949,0.5027372241020203,-0.07585187256336212,0.2506045997142792,0.5032112002372742,-0.10229256749153137,0.23098845779895782,0.5186540484428406,-0.11800230294466019,0.22867584228515625,0.5173550844192505,-0.036932576447725296,0.2296743094921112,0.47099071741104126,-0.06959237903356552,0.20775945484638214,0.481844961643219,-0.09060497581958771,0.19410914182662964,0.5037869215011597,-0.10132154822349548,0.19275104999542236,0.5107446312904358,-0.036738160997629166,0.19138331711292267,0.4734853506088257,-0.06369777768850327,0.17504426836967468,0.482294499874115,-0.07499720901250839,0.16435416042804718,0.5008562207221985,-0.07913088798522949,0.15867114067077637,0.5189735889434814,-0.04009060934185982,0.1546212136745453,0.4914940893650055,-0.05961555987596512,0.14784269034862518,0.49999117851257324,-0.06538702547550201,0.14635635912418365,0.5160079598426819,-0.0666545033454895
0.16114333271980286,0.5435807704925537,2.9275759061420104e-07,0.18762105703353882,0.5449088215827942,-0.05634581297636032,0.20638702809810638,0.5330374836921692,-0.09177041798830032,0.20643335580825806,0.5169863104820251,-0.12074983865022659,0.20173613727092743,0.4886817932128906,-0.1501399725675583,0.2406172901391983,0.4277613162994385,-0.05978147312998772,0.2417442947626114,0.39534005522727966,-0.09323831647634506,0.2361232489347458,0.37382301688194275,-0.12488144636154175,0.22911961376667023,0.35771238803863525,-0.14783157408237457,0.2074553370475769,0.40982842445373535,-0.04759128764271736,0.20117315649986267,0.37036532163619995,-0.08163827657699585,0.18813848495483398,0.35460957884788513,-0.11308341473340988,0.17721538245677948,0.3409329652786255,-0.13557079434394836,0.17235790193080902,0.40727677941322327,-0.04005340486764908,0.1652388572692871,0.3724875748157501,-0.06922075152397156,0.15355299413204193,0.35611748695373535,-0.09025706350803375,0.14300721883773804,0.34804368019104004,-0.10439395904541016,0.13726967573165894,0.41894030570983887,-0.03692801669239998,0.13343733549118042,0.3901055157184601,-0.060705188661813736,0.12884917855262756,0.37711650133132935,-0.07467014342546463,0.1250549703836441,0.36877015233039856,-0.08443916589021683
0.16926425695419312,0.518517792224884,3.2762233104222105e-07,0.19774006307125092,0.5224521160125732,-0.07873756438493729,0.2201346755027771,0.5067936778068542,-0.12739509344100952,0.2236611247062683,0.4910849630832672,-0.16564203798770905,0.22442620992660522,0.46245402097702026,-0.20403070747852325,0.2620614171028137,0.3884052038192749,-0.0862327590584755,0.2504808008670807,0.35047295689582825,-0.13355064392089844,0.2370816171169281,0.3296467363834381,-0.17668560147285461,0.22056187689304352,0.31157445907592773,-0.20638777315616608,0.22379785776138306,0.37363162636756897,-0.06611690670251846,0.21271660923957825,0.3276700973510742,-0.11592351645231247,0.19405019283294678,0.31448987126350403,-0.1602887511253357,0.1748550832271576,0.3010767102241516,-0.19037196040153503,0.185843363404274,0.37048715353012085,-0.051851704716682434,0.1784277707338333,0.332744300365448,-0.09321005642414093,0.16333800554275513,0.31777065992355347,-0.12445754557847977,0.14643490314483643,0.3093126714229584,-0.1444695144891739,0.14945964515209198,0.37877050042152405,-0.043441638350486755,0.1462826430797577,0.35374557971954346,-0.07615208625793457,0.14045770466327667,0.34625914692878723,-0.09771895408630371,0.13425403833389282,0.3398517966270447,-0.11285897344350815
0.2305450439453125,0.5695570111274719,1.9301944576000096e-07,0.26842790842056274,0.5659211874008179,-0.03601935878396034,0.2989417612552643,0.5547024011611938,-0.0627293661236763,0.31125587224960327,0.5474534630775452,-0.08670733124017715,0.307614803314209,0.5436371564865112,-0.11113157868385315,0.320331871509552,0.44022035598754883,-0.042749419808387756,0.3253946304321289,0.40428540110588074,-0.07370659708976746,0.3168849050998688,0.38987553119659424,-0.10008884966373444,0.30649077892303467,0.38409745693206787,-0.11772236227989197,0.2820020020008087,0.4271925091743469,-0.040891267359256744,0.27852869033813477,0.3923085033893585,-0.06793340295553207,0.270403116941452,0.38024652004241943,-0.08797886222600937,0.2642543613910675,0.3735577464103699,-0.10226588696241379,0.2417820394039154,0.4324682652950287,-0.043175823986530304,0.23934008181095123,0.3973928689956665,-0.06763852387666702,0.23422959446907043,0.3849901556968689,-0.07957025617361069,0.2320423722267151,0.3765481114387512,-0.08731359988451004,0.20378366112709045,0.454435259103775,-0.04858696088194847,0.1996728479862213,0.42702794075012207,-0.06895332783460617,0.19826555252075195,0.41865530610084534,-0.07622803002595901,0.2010803371667862,0.40997281670570374,-0.08056964725255966
0.22883737087249756,0.6158103346824646,1.6380938916427112e-07,0.26220476627349854,0.6038943529129028,-0.029772436246275902,0.28690671920776367,0.5870232582092285,-0.05412929132580757,0.29655933380126953,0.5900389552116394,-0.077738456428051,0.2971987724304199,0.604633092880249,-0.10100345313549042,0.31606853008270264,0.4692337214946747,-0.027652312070131302,0.31833890080451965,0.43152034282684326,-0.05735180526971817,0.30936288833618164,0.4303916394710541,-0.08246398717164993,0.30203092098236084,0.4450244605541229,-0.09813815355300903,0.2779015600681305,0.4584803581237793,-0.02856903336942196,0.2737569808959961,0.41455012559890747,-0.055841799825429916,0.2649741470813751,0.4200080931186676,-0.07489635050296783,0.26245442032814026,0.4373708665370941,-0.08586779981851578,0.23841425776481628,0.46472641825675964,-0.034013837575912476,0.23316487669944763,0.4275784194469452,-0.0575469434261322,0.22702886164188385,0.43099379539489746,-0.06866472959518433,0.22770068049430847,0.44353917241096497,-0.07376459240913391,0.20212775468826294,0.4884226620197296,-0.04242771863937378,0.19525504112243652,0.45958593487739563,-0.05966609716415405,0.193838432431221,0.46268248558044434,-0.06485705822706223,0.199772447347641,0.4689456820487976,-0.06666690111160278
0.2295122593641281,0.659500002861023,7.844393934419713e-08,0.2608537971973419,0.6673911809921265,-0.0422273650765419,0.2831067442893982,0.6758331060409546,-0.07732203602790833,0.2824321687221527,0.6974538564682007,-0.10790834575891495,0.2763746678829193,0.7228866815567017,-0.13600072264671326,0.3154826760292053,0.5157179236412048,-0.05403842777013779,0.2888982892036438,0.5617032051086426,-0.09139420092105865,0.27300068736076355,0.5859823226928711,-0.11663177609443665,0.2672218680381775,0.5826552510261536,-0.13286149501800537,0.2712653577327728,0.4976810812950134,-0.05075749754905701,0.2432458996772766,0.5569775700569153,-0.08348251134157181,0.2381686121225357,0.5940124988555908,-0.09530694037675858,0.2411574274301529,0.5894427299499512,-0.10194414854049683,0.2281828224658966,0.5038823485374451,-0.051905468106269836,0.20697711408138275,0.5763748288154602,-0.0793582871556282,0.21021153032779694,0.6137912273406982,-0.0792291983962059,0.21560518443584442,0.6091253757476807,-0.07661201804876328,0.19321861863136292,0.5229055285453796,-0.05769425258040428,0.18141436576843262,0.5798894166946411,-0.07479815930128098,0.18465986847877502,0.6116015315055847,-0.07410705834627151,0.1906050443649292,0.6092621684074402,-0.0712137445807457
0.20581358671188354,0.6897124648094177,-2.3521160130712815e-08,0.24125805497169495,0.6999871134757996,-0.03399071469902992,0.2731916606426239,0.7030501365661621,-0.0638168454170227,0.2809203565120697,0.7204521298408508,-0.09046968072652817,0.278729110956192,0.7521151304244995,-0.11484748125076294,0.3053489923477173,0.5411275029182434,-0.04215684533119202,0.2821546494960785,0.5895995497703552,-0.07977459579706192,0.2640780806541443,0.6162353157997131,-0.10728145390748978,0.25457102060317993,0.6180692911148071,-0.12429007887840271,0.26250967383384705,0.5175080299377441,-0.04102407768368721,0.23382043838500977,0.5896183848381042,-0.0677589699625969,0.23022158443927765,0.6289313435554504,-0.07737854868173599,0.23271772265434265,0.6306928396224976,-0.08377305418252945,0.21867984533309937,0.5203746557235718,-0.04438256844878197,0.1964363008737564,0.5953323245048523,-0.06638195365667343,0.19887496531009674,0.6299330592155457,-0.06409814953804016,0.20315782725811005,0.6279774308204651,-0.06137639284133911,0.18279105424880981,0.5398920178413391,-0.05213254317641258,0.1719830334186554,0.5989863276481628,-0.06472010910511017,0.17484329640865326,0.6289436221122742,-0.06162324175238609,0.17954304814338684,0.6272071599960327,-0.05740191787481308
0.2056465446949005,0.7064772248268127,2.686300604182179e-08,0.2389378845691681,0.7124966382980347,-0.03725519776344299,0.266916960477829,0.7158141732215881,-0.0691511407494545,0.2692384421825409,0.7426342964172363,-0.09712284058332443,0.26554328203201294,0.7815948724746704,-0.12343436479568481,0.29531100392341614,0.555278480052948,-0.05202394351363182,0.2754400372505188,0.6121442914009094,-0.09040997177362442,0.2574080228805542,0.6448171138763428,-0.11638545989990234,0.24960562586784363,0.6432611346244812,-0.13271285593509674,0.24892032146453857,0.5398878455162048,-0.051377903670072556,0.2295498251914978,0.5987764000892639,-0.08267980813980103,0.21961747109889984,0.6337796449661255,-0.09358301013708115,0.2148653268814087,0.6318420171737671,-0.10025233030319214,0.2031988799571991,0.5460774302482605,-0.0548800528049469,0.1895560622215271,0.6058723330497742,-0.08129620552062988,0.18794448673725128,0.6408779621124268,-0.08045201748609543,0.18844938278198242,0.6372953057289124,-0.07804976403713226,0.16671927273273468,0.5661430358886719,-0.06241555139422417,0.15769755840301514,0.6145201325416565,-0.07813314348459244,0.15944762527942657,0.6448948979377747,-0.07541900873184204,0.16432063281536102,0.6422788500785828,-0.07157283276319504
0.1933833658695221,0.7786480784416199,-2.623095696208111e-08,0.2228507548570633,0.7791110873222351,-0.03657977283000946,0.24876408278942108,0.7832953333854675,-0.06901127099990845,0.2524358630180359,0.8065816164016724,-0.09796424955129623,0.24223469197750092,0.839566707611084,-0.12612293660640717,0.2683066129684448,0.620172917842865,-0.05221032351255417,0.25447943806648254,0.6767465472221375,-0.09098614007234573,0.24316449463367462,0.7025743126869202,-0.11947993189096451,0.23413991928100586,0.7037078142166138,-0.1371062844991684,0.22377383708953857,0.6026487946510315,-0.050440408289432526,0.2015342265367508,0.6851857900619507,-0.07967118173837662,0.18780019879341125,0.7161405682563782,-0.09276479482650757,0.17599181830883026,0.7123166918754578,-0.10163284093141556,0.1809050738811493,0.6127883195877075,-0.05238307639956474,0.16428513824939728,0.6914560794830322,-0.07659678161144257,0.15882746875286102,0.7187251448631287,-0.07782485336065292,0.15265409648418427,0.7114688158035278,-0.07732387632131577,0.14785006642341614,0.6378831267356873,-0.05850909650325775,0.1389930248260498,0.6942718625068665,-0.07426707446575165,0.13731113076210022,0.7210241556167603,-0.07272052764892578,0.13461285829544067,0.7180789709091187,-0.0690566822886467
0.7067016959190369,0.664740800857544,2.9109045840414183e-07,0.6845199465751648,0.669589102268219,-0.019367640838027,0.662276566028595,0.6628377437591553,-0.03862520679831505,0.65299391746521,0.6745251417160034,-0.057532086968421936,0.6411004066467285,0.7035955786705017,-0.0769292339682579,0.634860634803772,0.5620543360710144,-0.020088093355298042,0.616421103477478,0.527038037776947,-0.0396064892411232,0.6223264336585999,0.5213906764984131,-0.05776724964380264,0.6360480189323425,0.531744122505188,-0.06878801435232162,0.6656792759895325,0.5452026724815369,-0.023470552638173103,0.659736692905426,0.501614511013031,-0.038538720458745956,0.6613308787345886,0.4963458478450775,-0.05063977837562561,0.666967511177063,0.5084754228591919,-0.05766250193119049,0.6977235674858093,0.5480344891548157,-0.029729517176747322,0.6967544555664062,0.5060116052627563,-0.039872244000434875,0.6935369968414307,0.4965425729751587,-0.04569380730390549,0.6899000406265259,0.5006405711174011,-0.049555908888578415,0.7300382852554321,0.5661648511886597,-0.03822026401758194,0.7347241640090942,0.5339065194129944,-0.04600338637828827,0.730311930179596,0.5230183601379395,-0.04710293561220169,0.721380352973938,0.5210549831390381,-0.04722891002893448
0.7087144255638123,0.6190011501312256,4.496427550293447e-07,0.6825234293937683,0.6155532598495483,-0.023912889882922173,0.6629161834716797,0.6090433597564697,-0.04440937936306,0.6574518084526062,0.6128937602043152,-0.06116611510515213,0.6568442583084106,0.6314586400985718,-0.07970258593559265,0.6536648273468018,0.5412721633911133,-0.042739372700452805,0.6459660530090332,0.5103893876075745,-0.06046681106090546,0.649812638759613,0.4887412190437317,-0.07496299594640732,0.6551458239555359,0.467579185962677,-0.08590175956487656,0.6823986768722534,0.5317230820655823,-0.04181117191910744,0.6808533072471619,0.4953358769416809,-0.057190001010894775,0.6839510202407837,0.4695797860622406,-0.06925928592681885,0.687066912651062,0.4466150403022766,-0.07904097437858582,0.7114578485488892,0.5360112190246582,-0.04182734340429306,0.7102102041244507,0.50115567445755,-0.055588558316230774,0.7109764814376831,0.4765907824039459,-0.06343555450439453,0.7123475670814514,0.4523317813873291,-0.06962302327156067,0.7386888861656189,0.5490573048591614,-0.04313036799430847,0.7393975257873535,0.5242573022842407,-0.0536530502140522,0.7379269599914551,0.504485547542572,-0.05645551532506943,0.7359371185302734,0.48398056626319885,-0.05904276296496391
0.735277533531189,0.5843343734741211,3.2091512025544944e-07,0.7099941968917847,0.5902780294418335,-0.01905825361609459,0.6835708618164062,0.5821981430053711,-0.033516135066747665,0.6733682155609131,0.5895696878433228,-0.04648309201002121,0.6625974178314209,0.6123887896537781,-0.0597408302128315,0.6616823673248291,0.48712247610092163,-0.015681998804211617,0.6509296894073486,0.45529329776763916,-0.026271138340234756,0.6512356996536255,0.4404674470424652,-0.03790203109383583,0.6537830233573914,0.4290836453437805,-0.04697604477405548,0.6903076171875,0.4680083990097046,-0.01695278473198414,0.6857407093048096,0.4328249990940094,-0.022415652871131897,0.687980055809021,0.4155561029911041,-0.030141014605760574,0.6922703385353088,0.40283066034317017,-0.036916691809892654,0.7202429175376892,0.46544909477233887,-0.02076306752860546,0.7170109748840332,0.4319130778312683,-0.026931555941700935,0.7180778980255127,0.41668790578842163,-0.03168489784002304,0.7194386124610901,0.4027140736579895,-0.036023277789354324,0.7503272294998169,0.4753490388393402,-0.026655202731490135,0.7485166788101196,0.45183345675468445,-0.03290651738643646,0.7470787763595581,0.44442248344421387,-0.03292430192232132,0.7445588707923889,0.4376688599586487,-0.03287481889128685
0.7430527806282043,0.5236127972602844,4.4060428194825363e-07,0.7182085514068604,0.5312039852142334,-0.026004726067185402,0.6947510838508606,0.531400740146637,-0.04793468490242958,0.6831533312797546,0.544202446937561,-0.06749846786260605,0.672748327255249,0.5706093311309814,-0.08863359689712524,0.6734752655029297,0.4283077120780945,-0.03574826568365097,0.6584510207176208,0.39348289370536804,-0.05569012090563774,0.6638516783714294,0.37297749519348145,-0.07395526021718979,0.6767286062240601,0.3605049252510071,-0.08670647442340851,0.7052649259567261,0.41007018089294434,-0.03730984777212143,0.7008838653564453,0.37236082553863525,-0.0541975162923336,0.7041512131690979,0.35130271315574646,-0.0695132464170456,0.7130156755447388,0.3418371379375458,-0.08026732504367828,0.7380213737487793,0.413682222366333,-0.041138164699077606,0.7354351878166199,0.3759957253932953,-0.0564783550798893,0.7362358570098877,0.35769858956336975,-0.06839699298143387,0.740325391292572,0.348768025636673,-0.07672211527824402,0.7703251242637634,0.4320661425590515,-0.04694874957203865,0.7696967124938965,0.40899813175201416,-0.062081243842840195,0.7675216197967529,0.4016580581665039,-0.0676145926117897,0.7666003704071045,0.3998291492462158,-0.07058203965425491
0.7399912476539612,0.5074334740638733,4.3853307829522237e-07,0.7139409184455872,0.5071213245391846,-0.023678049445152283,0.6900991797447205,0.4956967830657959,-0.04288513585925102,0.6811571717262268,0.5020796060562134,-0.06008819490671158,0.6715801358222961,0.5279104113578796,-0.07783172279596329,0.6708785891532898,0.3899897634983063,-0.02427658811211586,0.6605648994445801,0.3483548164367676,-0.040457919239997864,0.6646353006362915,0.3282179534435272,-0.05587342754006386,0.673486053943634,0.31441840529441833,-0.06698580086231232,0.7027996778488159,0.376380056142807,-0.025227496400475502,0.6999050378799438,0.3303755521774292,-0.03654085099697113,0.7028152346611023,0.3063630163669586,-0.0480773039162159,0.7080994248390198,0.2879519462585449,-0.05712537840008736,0.7344000339508057,0.3803110420703888,-0.02907957322895527,0.7324625849723816,0.33391273021698,-0.03920001536607742,0.7334242463111877,0.309876024723053,-0.04733443632721901,0.7356464862823486,0.28983983397483826,-0.053640641272068024,0.7646054625511169,0.3966193199157715,-0.035239044576883316,0.7642401456832886,0.3611624240875244,-0.04355114698410034,0.7625254988670349,0.34074994921684265,-0.04619366675615311,0.7596458196640015,0.3218967914581299,-0.048215948045253754
0.7574827671051025,0.49506670236587524,4.5503594492402044e-07,0.7326402068138123,0.4966230094432831,-0.031586866825819016,0.7059764862060547,0.4881555140018463,-0.055768877267837524,0.6965775489807129,0.4966002404689789,-0.07633540779352188,0.697284996509552,0.5185869932174683,-0.09691977500915527,0.6890959143638611,0.3688049912452698,-0.03149793669581413,0.68279629945755,0.33226263523101807,-0.04892490804195404,0.6898214221000671,0.3144187033176422,-0.06554865837097168,0.6998774409294128,0.3016510605812073,-0.07770174741744995,0.7212634682655334,0.3537153899669647,-0.027997739613056183,0.7218817472457886,0.312214195728302,-0.039076585322618484,0.7301449775695801,0.29060080647468567,-0.04903966188430786,0.7398548126220703,0.27134114503860474,-0.05727110430598259,0.7523449659347534,0.35749518871307373,-0.0280279703438282,0.7541467547416687,0.31530141830444336,-0.0383758582174778,0.75922691822052,0.2950470745563507,-0.04346898943185806,0.7645205855369568,0.277205228805542,-0.04758331924676895,0.7811858057975769,0.37539196014404297,-0.03117995709180832,0.7826395034790039,0.3407653570175171,-0.039139360189437866,0.7843858599662781,0.32564449310302734,-0.039441630244255066,0.7845509052276611,0.3117208182811737,-0.03946486860513687
0.7915903329849243,0.48647356033325195,4.181618180609803e-07,0.76292484998703,0.49623745679855347,-0.03421654552221298,0.7356224060058594,0.4906795620918274,-0.06121717393398285,0.7322118878364563,0.49400216341018677,-0.08401678502559662,0.7416639924049377,0.5065248012542725,-0.10757071524858475,0.7200067639350891,0.3827436566352844,-0.04778376221656799,0.7082377076148987,0.34421780705451965,-0.07288264483213425,0.7149012684822083,0.32535386085510254,-0.09353744983673096,0.7287538051605225,0.3094771206378937,-0.10871534794569016,0.7537275552749634,0.3614523112773895,-0.045946404337882996,0.7538133263587952,0.32347506284713745,-0.06876532733440399,0.7628016471862793,0.3014609217643738,-0.08596257865428925,0.77662193775177,0.28268206119537354,-0.098448745906353,0.7857369780540466,0.3598439395427704,-0.04716530814766884,0.786026656627655,0.31993699073791504,-0.06799778342247009,0.7930150628089905,0.29874905943870544,-0.08030083030462265,0.8036403656005859,0.27917253971099854,-0.08869649469852448,0.8161792755126953,0.3722713887691498,-0.05107749253511429,0.8175901770591736,0.34167787432670593,-0.06875696778297424,0.8207787275314331,0.3237447738647461,-0.07624991238117218,0.8251641392707825,0.30490243434906006,-0.08115164935588837
0.8225858211517334,0.5371308922767639,1.9357798919372726e-07,0.7949728965759277,0.541165292263031,-0.03464403748512268,0.7687947154045105,0.5397025942802429,-0.0628906860947609,0.7651439905166626,0.5510584712028503,-0.0869576707482338,0.7674646377563477,0.5759092569351196,-0.10932664573192596,0.742145299911499,0.4148848056793213,-0.042683977633714676,0.7516587972640991,0.3965785503387451,-0.07201973348855972,0.769902229309082,0.3979816138744354,-0.09268023818731308,0.7874020338058472,0.39906540513038635,-0.10466151684522629,0.7775198817253113,0.3950430750846863,-0.03876759111881256,0.7924864292144775,0.4018062353134155,-0.065224289894104,0.8030889630317688,0.43108075857162476,-0.07427359372377396,0.8088340163230896,0.4364735186100006,-0.07660416513681412,0.8125033378601074,0.3953467607498169,-0.03859131783246994,0.8287129998207092,0.4018133580684662,-0.06076871231198311,0.8350871205329895,0.4229575991630554,-0.059483692049980164,0.8368157744407654,0.42545220255851746,-0.054856233298778534,0.8447047472000122,0.4062391221523285,-0.041915617883205414,0.8587248921394348,0.41192951798439026,-0.055025365203619,0.8621135354042053,0.42655715346336365,-0.05125008523464203,0.8625405430793762,0.42633724212646484,-0.04494544863700867
0.793586015701294,0.5701954364776611,-9.109125009842955e-09,0.7694409489631653,0.5717302560806274,-0.028119688853621483,0.7475640773773193,0.566608190536499,-0.05236238241195679,0.7483346462249756,0.5830526947975159,-0.07323076575994492,0.7517337799072266,0.6083555221557617,-0.09262727200984955,0.7230433225631714,0.43480703234672546,-0.038603365421295166,0.7370995879173279,0.46017688512802124,-0.06942743062973022,0.7583166360855103,0.49201440811157227,-0.09364842623472214,0.777527391910553,0.5078446269035339,-0.10772322863340378,0.7618504762649536,0.4211542010307312,-0.03894421085715294,0.7915957570075989,0.4553864896297455,-0.06519871205091476,0.8051470518112183,0.4857708513736725,-0.07706168293952942,0.8127136826515198,0.49419671297073364,-0.08327958732843399,0.7969969511032104,0.4319922626018524,-0.04224720597267151,0.8264926671981812,0.4730464518070221,-0.05947526916861534,0.8285385370254517,0.5038180351257324,-0.057940851897001266,0.8248741030693054,0.5099427700042725,-0.05573498085141182,0.8251908421516418,0.45477205514907837,-0.04931316524744034,0.8481894135475159,0.49468985199928284,-0.05671020597219467,0.8442255854606628,0.5206658244132996,-0.052123233675956726,0.8361050486564636,0.5235785245895386,-0.04742816090583801
0.7903062105178833,0.5966565012931824,-1.638574076423538e-07,0.7591490149497986,0.5980257987976074,-0.02467617206275463,0.7315148115158081,0.5884146094322205,-0.04523053020238876,0.7301559448242188,0.5954022407531738,-0.0628134086728096,0.7390052080154419,0.6082447171211243,-0.0781082808971405,0.7190929651260376,0.4422999918460846,-0.02816160023212433,0.7231764793395996,0.4781136214733124,-0.05449271947145462,0.7366324663162231,0.517087459564209,-0.07533799856901169,0.7473264932632446,0.5331289768218994,-0.08756181597709656,0.7581780552864075,0.4339655041694641,-0.02938068099319935,0.7698788046836853,0.4786832332611084,-0.0467081293463707,0.7719168663024902,0.5157278180122375,-0.05359731614589691,0.7713072896003723,0.5230200290679932,-0.05782580375671387,0.7926498055458069,0.4491637349128723,-0.033943451941013336,0.8040086627006531,0.4983089864253998,-0.04639901965856552,0.797899067401886,0.531603217124939,-0.043058112263679504,0.791734516620636,0.5348716378211975,-0.04061727970838547,0.8215970993041992,0.47746437788009644,-0.042055364698171616,0.8276820182800293,0.5222811698913574,-0.04718216881155968,0.8197400569915771,0.5491223335266113,-0.04169883579015732,0.8122767806053162,0.5505203604698181,-0.036590490490198135
0.7890193462371826,0.5433425903320312,-8.798209449878414e-08,0.7666885256767273,0.5758720636367798,-0.03316068276762962,0.7534164786338806,0.602188766002655,-0.06225305423140526,0.765281617641449,0.6346306204795837,-0.08707670122385025,0.7799038290977478,0.6653269529342651,-0.11309518665075302,0.711247980594635,0.4764959514141083,-0.055784210562705994,0.7505546808242798,0.5186106562614441,-0.08411898463964462,0.7836883664131165,0.5554949045181274,-0.10638079792261124,0.8126545548439026,0.5815640091896057,-0.11785275489091873,0.7465604543685913,0.44922953844070435,-0.05186653882265091,0.7855955958366394,0.4922143220901489,-0.07719834893941879,0.8129055500030518,0.5301056504249573,-0.090165875852108,0.834374189376831,0.5616390109062195,-0.09574002772569656,0.7811263203620911,0.44868195056915283,-0.0490269772708416,0.8202890157699585,0.49191370606422424,-0.07002871483564377,0.8377708196640015,0.5261621475219727,-0.07527168840169907,0.8487112522125244,0.5524632930755615,-0.07466090470552444,0.8083316087722778,0.4621243476867676,-0.04854300618171692,0.8361924886703491,0.50129634141922,-0.05898740887641907,0.8462671041488647,0.5331729650497437,-0.05564986914396286,0.852123498916626,0.5559940338134766,-0.05044964700937271
0.8160340785980225,0.5534071922302246,-1.1655799170284808e-07,0.7795127630233765,0.5757245421409607,-0.029955437406897545,0.7446029782295227,0.5891143679618835,-0.05499408021569252,0.7232022881507874,0.6078738570213318,-0.07417530566453934,0.7026642560958862,0.6273133754730225,-0.08955786377191544,0.6959002614021301,0.46559908986091614,-0.0530223622918129,0.7337656021118164,0.5174809694290161,-0.08280186355113983,0.7657523155212402,0.5381929278373718,-0.0997304916381836,0.7825203537940979,0.5371934175491333,-0.10965186357498169,0.72627192735672,0.43861234188079834,-0.051554612815380096,0.7730822563171387,0.5000913143157959,-0.07763031870126724,0.7926021814346313,0.5298115611076355,-0.0838373452425003,0.7972714304924011,0.5304750204086304,-0.08749239146709442,0.7602846026420593,0.43232202529907227,-0.05178056284785271,0.8075046539306641,0.4936331510543823,-0.07210871577262878,0.8190786242485046,0.5263285636901855,-0.06474056094884872,0.8170119524002075,0.5299292206764221,-0.058939188718795776,0.7928866744041443,0.43583786487579346,-0.05560417100787163,0.8302161693572998,0.48858118057250977,-0.06822723895311356,0.8373429775238037,0.5217116475105286,-0.06266143918037415,0.8323145508766174,0.5261948108673096,-0.056336868554353714
0.8462260961532593,0.612459123134613,-3.8791412748651055e-07,0.7802284955978394,0.6094205379486084,-0.0018454164965078235,0.721466064453125,0.5878998041152954,-0.010109380818903446,0.6744890213012695,0.5909436941146851,-0.02177361771464348,0.6351214647293091,0.6023387908935547,-0.033440444618463516,0.7428601384162903,0.4465668201446533,0.005699087865650654,0.682424783706665,0.4715692102909088,-0.011765044182538986,0.643718957901001,0.48897743225097656,-0.032412029802799225,0.6098860502243042,0.5019269585609436,-0.04899846762418747,0.7556844353675842,0.4393501579761505,-0.00701732374727726,0.6829407811164856,0.46852806210517883,-0.022857708856463432,0.6451632380485535,0.48855870962142944,-0.04096496105194092,0.6102863550186157,0.5009539127349854,-0.05589384585618973,0.7692338228225708,0.45155662298202515,-0.021926410496234894,0.6978870034217834,0.47653114795684814,-0.03881765156984329,0.6574844121932983,0.49262499809265137,-0.049129847437143326,0.6209372878074646,0.5036390423774719,-0.056519851088523865,0.7785597443580627,0.4824950098991394,-0.03766622021794319,0.72158282995224,0.5018002390861511,-0.052964404225349426,0.6876575350761414,0.5119271278381348,-0.059727925807237625,0.6580705046653748,0.5183768272399902,-0.0640823021531105
0.8505460023880005,0.6582427024841309,-4.005318601230101e-07,0.7740375995635986,0.6531298160552979,0.0034023544285446405,0.715171754360199,0.6321941614151001,-0.0032603282015770674,0.6679025292396545,0.6361032128334045,-0.014887562021613121,0.6294781565666199,0.6453098058700562,-0.026847077533602715,0.7431005835533142,0.48401015996932983,0.013271164149045944,0.6780264377593994,0.5088371634483337,-0.001084294286556542,0.6383569836616516,0.5260334610939026,-0.02006271481513977,0.6034127473831177,0.5381277203559875,-0.03555049002170563,0.7547092437744141,0.4786525368690491,-0.0017597601981833577,0.6770430207252502,0.5072005987167358,-0.01489776000380516,0.6376314759254456,0.5264935493469238,-0.03255750238895416,0.6020980477333069,0.5395898222923279,-0.04744184762239456,0.7658475637435913,0.4920685589313507,-0.018649548292160034,0.6901613473892212,0.5145519375801086,-0.03236958757042885,0.6473546028137207,0.5295194983482361,-0.042223453521728516,0.609889805316925,0.5406152606010437,-0.049631912261247635,0.7721462249755859,0.5233154892921448,-0.03607656806707382,0.7094996571540833,0.5381661057472229,-0.04803598299622536,0.6730465292930603,0.5459638237953186,-0.0532405860722065,0.642289936542511,0.5519639253616333,-0.056721996515989304
0.8433786630630493,0.6984186172485352,-3.218181063857628e-07,0.7750834226608276,0.6949694156646729,-0.0005530930939130485,0.7138007879257202,0.6817976832389832,-0.009174514561891556,0.6652234196662903,0.6905244588851929,-0.022187843918800354,0.6245818138122559,0.6962758302688599,-0.03430843725800514,0.7378084063529968,0.5398278832435608,0.015059191733598709,0.6757251620292664,0.5595945119857788,0.0006321374676190317,0.6356503963470459,0.5735169649124146,-0.018975384533405304,0.6008985638618469,0.5831928253173828,-0.03514489531517029,0.7482526302337646,0.5304765701293945,0.0014931652694940567,0.6737409234046936,0.5570787787437439,-0.011850726790726185,0.6332786679267883,0.570436954498291,-0.030546151101589203,0.5970185399055481,0.5805911421775818,-0.046458516269922256,0.7582638263702393,0.5357025265693665,-0.014688145369291306,0.6862125396728516,0.5577945113182068,-0.02803458645939827,0.6426864862442017,0.5696514844894409,-0.03782578930258751,0.6049641370773315,0.5805715322494507,-0.045441754162311554,0.764348030090332,0.557090163230896,-0.032136864960193634,0.7060598134994507,0.5717663168907166,-0.04396916180849075,0.6694653630256653,0.5777578949928284,-0.04969196394085884,0.6378923654556274,0.5829458236694336,-0.05366949737071991
0.8394692540168762,0.7235085368156433,-3.495226508221094e-07,0.7738751769065857,0.7260177731513977,0.0001046966208377853,0.7133393883705139,0.708366334438324,-0.005272785201668739,0.66651850938797,0.7126195430755615,-0.014810951426625252,0.6263741850852966,0.7210826873779297,-0.02368914894759655,0.7327893972396851,0.5718859434127808,0.014575271867215633,0.6746212244033813,0.5906553268432617,0.0015006844187155366,0.6352819800376892,0.6033878922462463,-0.015667563304305077,0.6013643145561218,0.611687183380127,-0.03012176789343357,0.7424831390380859,0.5619511008262634,0.0014249009545892477,0.6730877757072449,0.5861748456954956,-0.010354683734476566,0.6327198147773743,0.5990720987319946,-0.025630760937929153,0.5955273509025574,0.607284665107727,-0.03857916593551636,0.7519492506980896,0.5678636431694031,-0.01439759787172079,0.6816405057907104,0.5899039506912231,-0.027745652943849564,0.6403239965438843,0.6018723249435425,-0.035186972469091415,0.6030533313751221,0.6094797849655151,-0.040680110454559326,0.7575240135192871,0.5902119874954224,-0.03144020587205887,0.7009339928627014,0.6037983894348145,-0.044333890080451965,0.6657874584197998,0.6098182201385498,-0.04944605752825737,0.6350957155227661,0.6133334040641785,-0.05249818041920662
0.8449231386184692,0.7795806527137756,-3.7278323361533694e-07,0.7769858241081238,0.7771015763282776,0.0037372191436588764,0.7152248620986938,0.7558715343475342,-0.00030079635325819254,0.6678596138954163,0.7589655518531799,-0.00898783653974533,0.6276378035545349,0.7667580842971802,-0.017828404903411865,0.7436215281486511,0.6099203824996948,0.016875965520739555,0.6834966540336609,0.6303339004516602,0.0053612180054187775,0.645207941532135,0.6453967094421387,-0.011493741534650326,0.6127666234970093,0.6551915407180786,-0.025991180911660194,0.7536260485649109,0.6064800024032593,0.0029402875807136297,0.68353271484375,0.6317310333251953,-0.008440942503511906,0.6453216671943665,0.6470543146133423,-0.024052973836660385,0.6104434728622437,0.6566106081008911,-0.03720109537243843,0.762580931186676,0.6209474205970764,-0.013118598610162735,0.6910631060600281,0.6404840350151062,-0.02702241763472557,0.6498113870620728,0.6527848839759827,-0.03540576621890068,0.6130298376083374,0.6601205468177795,-0.04126300290226936,0.7664092183113098,0.6515306234359741,-0.02971368469297886,0.7069422602653503,0.6635288000106812,-0.0434517040848732,0.6711130142211914,0.6702480316162109,-0.04912159591913223,0.6400640606880188,0.6733954548835754,-0.05237569287419319
0.8422696590423584,0.8001987338066101,-3.5687637023329444e-07,0.7726687788963318,0.7948414087295532,0.003378798021003604,0.7126381397247314,0.7735719680786133,-0.0023423624224960804,0.6652466058731079,0.7788851261138916,-0.0128346998244524,0.6250885725021362,0.7860534191131592,-0.023452583700418472,0.7414053082466125,0.6244498491287231,0.01545173954218626,0.6791437268257141,0.6465592384338379,0.004061798099428415,0.6409886479377747,0.6623521447181702,-0.01286629494279623,0.6081663370132446,0.6711306571960449,-0.027625232934951782,0.7521505951881409,0.6201494336128235,0.0010330737568438053,0.6778536438941956,0.6491973400115967,-0.009679636918008327,0.6387955546379089,0.6655092835426331,-0.025635700672864914,0.6033265590667725,0.6742397546768188,-0.039690930396318436,0.7619889974594116,0.6344439387321472,-0.015392178669571877,0.6874011754989624,0.6583156585693359,-0.028286417946219444,0.6459372043609619,0.6717535853385925,-0.036462970077991486,0.6091205477714539,0.6795949935913086,-0.04282597824931145,0.7666411399841309,0.666076123714447,-0.03250843286514282,0.7058926224708557,0.6814451813697815,-0.04541284590959549,0.6692326068878174,0.6881421804428101,-0.050843916833400726,0.6371538043022156,0.6912221908569336,-0.0543442964553833
0.8529825210571289,0.7260196208953857,-3.371659431650187e-07,0.7850755453109741,0.7179186344146729,0.0019790444057434797,0.7215341925621033,0.6987066268920898,-0.004680590238422155,0.6710206866264343,0.7020210027694702,-0.01607712171971798,0.6294169425964355,0.7104167342185974,-0.027129746973514557,0.749672532081604,0.5584032535552979,0.014488708227872849,0.6839123964309692,0.5767596364021301,-0.002067416440695524,0.6416785717010498,0.5907019376754761,-0.021533671766519547,0.6063696146011353,0.6008329391479492,-0.03667454794049263,0.7598004937171936,0.5538622736930847,0.00013338978169485927,0.6836998462677002,0.577131986618042,-0.01656520552933216,0.6419662833213806,0.5898796319961548,-0.03452344611287117,0.6048772931098938,0.599706768989563,-0.04794185236096382,0.7694620490074158,0.5647693276405334,-0.016734791919589043,0.6941176652908325,0.5811874866485596,-0.034755583852529526,0.6513160467147827,0.5903777480125427,-0.04322783276438713,0.6139274835586548,0.5983287692070007,-0.04745498672127724,0.7753227949142456,0.5906758904457092,-0.034236032515764236,0.7141707539558411,0.5943043231964111,-0.050911348313093185,0.677290678024292,0.5948109030723572,-0.05693884193897247,0.6455304026603699,0.594235897064209,-0.059136997908353806
0.8435543179512024,0.641625165939331,-2.806183942993812e-07,0.7752500176429749,0.6402559280395508,0.0003638621128629893,0.7130603790283203,0.6239618062973022,-0.006582165136933327,0.6644119620323181,0.6312029361724854,-0.018255725502967834,0.6237714290618896,0.6402114033699036,-0.02956237643957138,0.7421157956123352,0.4769299626350403,0.01554073765873909,0.6790453791618347,0.4966735243797302,0.0041320533491671085,0.639664888381958,0.5116692185401917,-0.012373153120279312,0.6061770915985107,0.5202947854995728,-0.026497857645154,0.7514521479606628,0.4709547162055969,0.00237895455211401,0.6760110855102539,0.4975120723247528,-0.010408022440969944,0.6360037326812744,0.511153519153595,-0.02705279551446438,0.6002104878425598,0.5208306312561035,-0.040059059858322144,0.7595796585083008,0.480718195438385,-0.013103773817420006,0.6852629780769348,0.5022693872451782,-0.02723223716020584,0.643025279045105,0.511352002620697,-0.03481358662247658,0.605671763420105,0.5180345773696899,-0.03915037214756012,0.7627109289169312,0.5073716044425964,-0.029615644365549088,0.7014610171318054,0.5168812274932861,-0.04248810559511185,0.6639682054519653,0.5184561014175415,-0.04689830169081688,0.6316075921058655,0.5189065337181091,-0.04864636808633804
0.840235710144043,0.5924890041351318,-2.7449215167507646e-07,0.7719991207122803,0.592060923576355,-0.00025920700863935053,0.7095920443534851,0.5761364102363586,-0.007181796245276928,0.6602616310119629,0.5843448042869568,-0.018858246505260468,0.6181094646453857,0.5917481780052185,-0.029813621193170547,0.7341805100440979,0.43209630250930786,0.0173079464584589,0.6727860569953918,0.4479924142360687,0.006814011372625828,0.6323826313018799,0.46029579639434814,-0.009137826971709728,0.5967747569084167,0.46720921993255615,-0.023506559431552887,0.7439563870429993,0.4231286942958832,0.0035240144934505224,0.668971836566925,0.44374698400497437,-0.0077733732759952545,0.6278168559074402,0.45700711011886597,-0.02392723597586155,0.58916836977005,0.465490460395813,-0.03734642639756203,0.7529374361038208,0.42976412177085876,-0.012760818935930729,0.6782153248786926,0.4490967392921448,-0.025616632774472237,0.6358487606048584,0.45939213037490845,-0.03243895620107651,0.5964053869247437,0.4649806022644043,-0.03721567988395691,0.7568129897117615,0.4548303484916687,-0.030293498188257217,0.6942899823188782,0.4658547639846802,-0.04220804199576378,0.657255232334137,0.46904075145721436,-0.04572125896811485,0.6248791217803955,0.46937212347984314,-0.04748806357383728
0.8450106978416443,0.6079110503196716,-3.411255136143154e-07,0.7756078839302063,0.601495087146759,0.0022250916808843613,0.7151530981063843,0.5801199674606323,-0.004482429474592209,0.6670624017715454,0.5849584937095642,-0.016081493347883224,0.6263774633407593,0.59010910987854,-0.0274348221719265,0.7443223595619202,0.43256980180740356,0.01610511541366577,0.6805376410484314,0.4483910799026489,0.003324448363855481,0.6391820907592773,0.45980116724967957,-0.014674526639282703,0.6044597625732422,0.46634241938591003,-0.029971953481435776,0.7538878917694092,0.4264552593231201,0.0012083339970558882,0.6776399612426758,0.4466790556907654,-0.01101925503462553,0.6356221437454224,0.45863738656044006,-0.028003277257084846,0.5986338257789612,0.46497899293899536,-0.04254918545484543,0.7619320154190063,0.43656596541404724,-0.01605934463441372,0.6869878172874451,0.4536723494529724,-0.029074188321828842,0.6430556774139404,0.4629470407962799,-0.03757971152663231,0.6043562293052673,0.46752452850341797,-0.04437205567955971,0.764815628528595,0.46318987011909485,-0.034322965890169144,0.7051422595977783,0.47115907073020935,-0.04607364907860756,0.669224739074707,0.4733797013759613,-0.05082733929157257,0.6378492712974548,0.4720810055732727,-0.05421438068151474
